,categoria,subcategoria,prestacion,tipo_prestacion,fecha_ingreso,hora_ingreso,domicilio_comuna,domicilio_barrio,domiclio_calle,domicilio_altura,lat,lon,canal,genero,estado_del_contacto,fecha_cierre_contacto,hora_cierre_contacto
3015,RECICLADO Y PROTECCIÓN AMBIENTAL,"RUIDOS MOLESTOS, EMANACIONES O DERRAMES",RUIDOS MOLESTOS Y VIBRACIONES,Denuncia,2021-08-15,20:32:27,11,VILLA DEL PARQUE,"BEIRO, FRANCISCO AV.",3128.0,-34.5969890865865,-58.497343859345,App BA 147,Femenino,Abierto,,
3016,RECICLADO Y PROTECCIÓN AMBIENTAL,"RUIDOS MOLESTOS, EMANACIONES O DERRAMES",RUIDOS MOLESTOS Y VIBRACIONES,Denuncia,2021-08-15,13:14:49,4,PARQUE PATRICIOS,PATAGONES,2982.0,-34.6382989543566,-58.4049631080398,App BA 147,Masculino,Abierto,,
3017,RECICLADO Y PROTECCIÓN AMBIENTAL,"RUIDOS MOLESTOS, EMANACIONES O DERRAMES",RUIDOS MOLESTOS Y VIBRACIONES,Denuncia,2021-08-15,01:57:32,14,PALERMO,GUEMES,4058.0,-34.585585129356,-58.4181861206385,App BA 147,Femenino,Cerrado,17/08/2021,00:00:00
3018,CALLES Y VEREDAS,OTROS,AJUSTE DE CHAPA METÁLICA POR RUIDOS MOLESTOS EN CALLE,Solicitud,2021-08-16,14:13:28,3,SAN CRISTOBAL,JUJUY AV.,1111.0,-34.622665933797,-58.4025378289932,App BA 147,Masculino,Cerrado,17/08/2021,00:00:00
3019,RECICLADO Y PROTECCIÓN AMBIENTAL,"RUIDOS MOLESTOS, EMANACIONES O DERRAMES",RUIDOS MOLESTOS Y VIBRACIONES,Denuncia,2021-08-16,14:13:20,3,BALVANERA,PASTEUR,582.0,-34.6023676828221,-58.399755829405,App BA 147,Femenino,Cerrado,17/08/2021,00:00:00
3020,RECICLADO Y PROTECCIÓN AMBIENTAL,"RUIDOS MOLESTOS, EMANACIONES O DERRAMES",RUIDOS MOLESTOS Y VIBRACIONES,Denuncia,2021-08-16,13:14:22,6,CABALLITO,MALVINAS ARGENTINAS,448.0,-34.6296133104834,-58.4496302948584,App BA 147,Femenino,Cerrado,31/08/2021,00:00:00
3021,RECICLADO Y PROTECCIÓN AMBIENTAL,"RUIDOS MOLESTOS, EMANACIONES O DERRAMES",RUIDOS MOLESTOS Y VIBRACIONES,Denuncia,2021-08-17,13:54:50,13,NUÑEZ,"PEDRAZA, MANUELA",1896.0,-34.5491232348738,-58.4619270541718,GCS Web,Masculino,Abierto,,
3022,RECICLADO Y PROTECCIÓN AMBIENTAL,"RUIDOS MOLESTOS, EMANACIONES O DERRAMES",RUIDOS MOLESTOS Y VIBRACIONES,Denuncia,2021-08-17,12:18:44,13,BELGRANO,LA PAMPA,3257.0,-34.5697297383846,-58.4627090137804,GCS Web,Masculino,Abierto,,
3023,RECICLADO Y PROTECCIÓN AMBIENTAL,"RUIDOS MOLESTOS, EMANACIONES O DERRAMES",RUIDOS MOLESTOS Y VIBRACIONES,Denuncia,2021-08-17,21:48:21,2,RECOLETA,ARENALES,2040.0,-34.5945680196753,-58.3965130252126,GCS Web,Femenino,Abierto,,
3024,RECICLADO Y PROTECCIÓN AMBIENTAL,"RUIDOS MOLESTOS, EMANACIONES O DERRAMES",RUIDOS MOLESTOS Y VIBRACIONES,Denuncia,2021-08-17,16:47:41,1,SAN TELMO,CHILE,416.0,-34.6160542858466,-58.3719732323083,App BA 147,Masculino,Abierto,,
3025,RECICLADO Y PROTECCIÓN AMBIENTAL,"RUIDOS MOLESTOS, EMANACIONES O DERRAMES",RUIDOS MOLESTOS Y VIBRACIONES,Denuncia,2021-08-17,19:53:45,8,VILLA LUGANO,MURGUIONDO,4441.0,-34.6791182209788,-58.4729799864768,App BA 147,Masculino,Abierto,,
3026,CALLES Y VEREDAS,OTROS,AJUSTE DE CHAPA METÁLICA POR RUIDOS MOLESTOS EN CALLE,Solicitud,2021-08-17,16:59:43,3,BALVANERA,LA RIOJA,365.0,-34.6146550936742,-58.4085303060674,App BA 147,Masculino,Abierto,,
3027,RECICLADO Y PROTECCIÓN AMBIENTAL,CONTROL AMBIENTAL,CONSULTA TÉCNICA SOBRE TRAMITES DE INSCRIPCIÓN EN EL REGISTRO DE ACTIVIDADES CATALOGADAS COMO POTENCIALMENTE CONTAMINANTES POR RUIDOS Y VIBRACIONES (RAC),Solicitud,2021-08-17,15:37:00,14,PALERMO,"VEGA, NICETO, CNEL. AV.",5648.0,-34.5864068831929,-58.4399281580837,GCS Web,Femenino,Cerrado,20/08/2021,00:00:00
3028,RECICLADO Y PROTECCIÓN AMBIENTAL,"RUIDOS MOLESTOS, EMANACIONES O DERRAMES",RUIDOS MOLESTOS Y VIBRACIONES,Denuncia,2021-08-17,16:28:19,6,CABALLITO,"MORENO, JOSE MARIA AV.",734.0,-34.627207904578,-58.4339267328268,App BA 147,Femenino,Cerrado,31/08/2021,00:00:00
3029,RECICLADO Y PROTECCIÓN AMBIENTAL,"RUIDOS MOLESTOS, EMANACIONES O DERRAMES",RUIDOS MOLESTOS Y VIBRACIONES,Denuncia,2021-08-17,19:03:31,5,ALMAGRO,BULNES,626.0,-34.6042640700585,-58.4182272784649,App BA 147,Femenino,Cerrado,31/08/2021,00:00:00
3030,RECICLADO Y PROTECCIÓN AMBIENTAL,"RUIDOS MOLESTOS, EMANACIONES O DERRAMES",RUIDOS MOLESTOS Y VIBRACIONES,Denuncia,2021-08-17,20:38:42,14,PALERMO,"DUMONT, SANTOS",2355.0,-34.572969254475,-58.4381284867808,App BA 147,Femenino,Cerrado,19/08/2021,00:00:00
3031,RECICLADO Y PROTECCIÓN AMBIENTAL,"RUIDOS MOLESTOS, EMANACIONES O DERRAMES",RUIDOS MOLESTOS Y VIBRACIONES,Denuncia,2021-08-17,14:58:21,3,BALVANERA,"YRIGOYEN, HIPOLITO",2794.0,-34.611277982928,-58.405508743932,GCS Web,Femenino,Cerrado,18/08/2021,00:00:00
3032,RECICLADO Y PROTECCIÓN AMBIENTAL,"RUIDOS MOLESTOS, EMANACIONES O DERRAMES",RUIDOS MOLESTOS Y VIBRACIONES,Denuncia,2021-08-18,09:57:41,6,CABALLITO,FRAGATA PRES. SARMIENTO,1033.0,-34.6123603016609,-58.4543955465166,GCS Web,Femenino,Abierto,,
3033,RECICLADO Y PROTECCIÓN AMBIENTAL,"RUIDOS MOLESTOS, EMANACIONES O DERRAMES",RUIDOS MOLESTOS Y VIBRACIONES,Denuncia,2021-08-18,22:38:30,14,PALERMO,"SCALABRINI ORTIZ, RAUL",3136.0,-34.5805042606283,-58.410274868673,GCS Web,Femenino,Abierto,,
3034,RECICLADO Y PROTECCIÓN AMBIENTAL,"RUIDOS MOLESTOS, EMANACIONES O DERRAMES",RUIDOS MOLESTOS Y VIBRACIONES,Denuncia,2021-08-18,11:27:27,6,CABALLITO,YERBAL,582.0,-34.6181251763398,-58.4392582524972,GCS Web,Masculino,Abierto,,
3035,RECICLADO Y PROTECCIÓN AMBIENTAL,"RUIDOS MOLESTOS, EMANACIONES O DERRAMES",RUIDOS MOLESTOS Y VIBRACIONES,Denuncia,2021-08-18,16:07:10,13,BELGRANO,MONROE,2532.0,-34.5591610842535,-58.4612731450323,GCS Web,Masculino,Abierto,,
3036,RECICLADO Y PROTECCIÓN AMBIENTAL,"RUIDOS MOLESTOS, EMANACIONES O DERRAMES",RUIDOS MOLESTOS Y VIBRACIONES,Denuncia,2021-08-18,18:12:15,2,RECOLETA,SANCHEZ DE BUSTAMANTE,1340.0,-34.5947259202076,-58.4127016198197,GCS Web,Masculino,Abierto,,
3037,RECICLADO Y PROTECCIÓN AMBIENTAL,"RUIDOS MOLESTOS, EMANACIONES O DERRAMES",RUIDOS MOLESTOS Y VIBRACIONES,Denuncia,2021-08-18,16:54:57,6,CABALLITO,"IBARBOUROU, JUANA DE",1037.0,-34.6044353332058,-58.4346954532891,GCS Web,Masculino,Abierto,,
3038,RECICLADO Y PROTECCIÓN AMBIENTAL,"RUIDOS MOLESTOS, EMANACIONES O DERRAMES",RUIDOS MOLESTOS Y VIBRACIONES,Denuncia,2021-08-18,08:12:45,13,COLEGIALES,"OLAGUER Y FELIU, VIRREY",2473.0,-34.5673744620619,-58.4525457522606,App BA 147,Femenino,Abierto,,
3039,RECICLADO Y PROTECCIÓN AMBIENTAL,"RUIDOS MOLESTOS, EMANACIONES O DERRAMES",RUIDOS MOLESTOS Y VIBRACIONES,Denuncia,2021-08-18,21:02:00,2,RECOLETA,"LOPEZ, VICENTE",2281.0,-34.5871665539399,-58.3958678569924,App BA 147,Femenino,Abierto,,
3040,RECICLADO Y PROTECCIÓN AMBIENTAL,"RUIDOS MOLESTOS, EMANACIONES O DERRAMES",MALOS OLORES / HUMOS / GASES TÓXICOS,Denuncia,2021-08-18,08:31:52,14,PALERMO,COSTA RICA,4933.0,-34.5864958505968,-58.429427734009,App BA 147,Femenino,Cerrado,18/08/2021,00:00:00
3041,RECICLADO Y PROTECCIÓN AMBIENTAL,"RUIDOS MOLESTOS, EMANACIONES O DERRAMES",DERRAME DE LÍQUIDOS PELIGROSOS / INDUSTRIALES,Denuncia,2021-08-18,15:21:49,12,VILLA URQUIZA,ALTOLAGUIRRE,2532.0,-34.5756922657453,-58.4919856584529,GCS Web,Femenino,Cerrado,19/08/2021,00:00:00
3042,RECICLADO Y PROTECCIÓN AMBIENTAL,"RUIDOS MOLESTOS, EMANACIONES O DERRAMES",RUIDOS MOLESTOS Y VIBRACIONES,Denuncia,2021-08-18,10:16:07,15,VILLA CRESPO,MALABIA,465.0,-34.5984970477062,-58.4389046543427,Mail 147,Femenino,Cerrado,26/08/2021,00:00:00
3043,RECICLADO Y PROTECCIÓN AMBIENTAL,"RUIDOS MOLESTOS, EMANACIONES O DERRAMES",RUIDOS MOLESTOS Y VIBRACIONES,Denuncia,2021-08-18,19:26:09,14,PALERMO,SANTA FE AV.,4002.0,-34.5823140521792,-58.4202587456146,GCS Web,Masculino,Cerrado,25/08/2021,00:00:00
3044,RECICLADO Y PROTECCIÓN AMBIENTAL,"RUIDOS MOLESTOS, EMANACIONES O DERRAMES",RUIDOS MOLESTOS Y VIBRACIONES,Denuncia,2021-08-18,13:27:42,3,SAN CRISTOBAL,INDEPENDENCIA AV.,1994.0,-34.618374562488,-58.3942828673302,GCS Web,Femenino,Cerrado,19/08/2021,00:00:00
3045,RECICLADO Y PROTECCIÓN AMBIENTAL,"RUIDOS MOLESTOS, EMANACIONES O DERRAMES",RUIDOS MOLESTOS Y VIBRACIONES,Denuncia,2021-08-18,18:53:34,3,BALVANERA,"PERON, JUAN DOMINGO, TTE. GENERAL",2581.0,-34.6074716027942,-58.4031020423902,GCS Web,Femenino,Cerrado,19/08/2021,00:00:00
3046,CALLES Y VEREDAS,OTROS,AJUSTE DE CHAPA METÁLICA POR RUIDOS MOLESTOS EN CALLE,Solicitud,2021-08-18,11:31:04,1,SAN NICOLAS,TUCUMAN,,-34.6012787786523,-58.3796008721808,Comuna,Masculino,Abierto,,
3047,CALLES Y VEREDAS,OTROS,AJUSTE DE CHAPA METÁLICA POR RUIDOS MOLESTOS EN CALLE,Solicitud,2021-08-18,22:49:08,12,SAAVEDRA,CABILDO AV.,,-34.5438186239094,-58.4720947132851,GCS Web,Femenino,Abierto,,
3048,RECICLADO Y PROTECCIÓN AMBIENTAL,"RUIDOS MOLESTOS, EMANACIONES O DERRAMES",RUIDOS MOLESTOS Y VIBRACIONES,Denuncia,2021-08-19,17:35:52,14,PALERMO,"SCALABRINI ORTIZ, RAUL",3136.0,-34.5805042606283,-58.410274868673,GCS Web,Femenino,Abierto,,
3049,RECICLADO Y PROTECCIÓN AMBIENTAL,"RUIDOS MOLESTOS, EMANACIONES O DERRAMES",RUIDOS MOLESTOS Y VIBRACIONES,Denuncia,2021-08-19,21:44:11,2,RECOLETA,SANCHEZ DE BUSTAMANTE,1340.0,-34.5947259202076,-58.4127016198197,GCS Web,Femenino,Abierto,,
3050,RECICLADO Y PROTECCIÓN AMBIENTAL,"RUIDOS MOLESTOS, EMANACIONES O DERRAMES",RUIDOS MOLESTOS Y VIBRACIONES,Denuncia,2021-08-19,12:50:17,2,RECOLETA,AYACUCHO,1267.0,-34.5938874744878,-58.3957248502602,App BA 147,Femenino,Abierto,,
3051,RECICLADO Y PROTECCIÓN AMBIENTAL,"RUIDOS MOLESTOS, EMANACIONES O DERRAMES",RUIDOS MOLESTOS Y VIBRACIONES,Denuncia,2021-08-19,01:43:50,7,PARQUE CHACABUCO,DIRECTORIO AV.,724.0,-34.6286379354362,-58.4375587402874,App BA 147,Femenino,Abierto,,
3052,RECICLADO Y PROTECCIÓN AMBIENTAL,"RUIDOS MOLESTOS, EMANACIONES O DERRAMES",RUIDOS MOLESTOS Y VIBRACIONES,Denuncia,2021-08-19,22:55:52,14,PALERMO,GURRUCHAGA,2140.0,-34.585907755855,-58.4240426844647,App BA 147,Femenino,Abierto,,
3053,CALLES Y VEREDAS,OTROS,AJUSTE DE CHAPA METÁLICA POR RUIDOS MOLESTOS EN CALLE,Solicitud,2021-08-19,10:44:18,2,RECOLETA,PARAGUAY,2393.0,-34.5977620304013,-58.4019030381649,App BA 147,Masculino,Abierto,,
3054,CALLES Y VEREDAS,OTROS,AJUSTE DE CHAPA METÁLICA POR RUIDOS MOLESTOS EN CALLE,Solicitud,2021-08-19,15:34:44,12,SAAVEDRA,CABILDO AV.,4396.0,-34.5439127346256,-58.4721931135997,App BA 147,Femenino,Abierto,,
3055,CALLES Y VEREDAS,OTROS,AJUSTE DE CHAPA METÁLICA POR RUIDOS MOLESTOS EN CALLE,Solicitud,2021-08-19,14:55:12,13,NUÑEZ,CORREA,2363.0,-34.5436102902799,-58.4717679186039,App BA 147,Femenino,Cerrado,20/08/2021,00:00:00
3056,CALLES Y VEREDAS,OTROS,AJUSTE DE CHAPA METÁLICA POR RUIDOS MOLESTOS EN CALLE,Solicitud,2021-08-19,15:38:29,12,SAAVEDRA,CABILDO AV.,4392.0,-34.5440333375048,-58.4721038768749,App BA 147,Femenino,Cerrado,20/08/2021,00:00:00
3057,RECICLADO Y PROTECCIÓN AMBIENTAL,CONTROL AMBIENTAL,CONSULTA TÉCNICA SOBRE TRAMITES DE INSCRIPCIÓN EN EL REGISTRO DE ACTIVIDADES CATALOGADAS COMO POTENCIALMENTE CONTAMINANTES POR RUIDOS Y VIBRACIONES (RAC),Solicitud,2021-08-19,17:38:13,3,BALVANERA,REPUBLICA BOLIVARIANA DE VENEZUELA,2040.0,-34.6152290454849,-58.3952104391911,GCS Web,Femenino,Cerrado,20/08/2021,00:00:00
3058,RECICLADO Y PROTECCIÓN AMBIENTAL,"RUIDOS MOLESTOS, EMANACIONES O DERRAMES",MALOS OLORES / HUMOS / GASES TÓXICOS,Denuncia,2021-08-19,17:48:16,10,MONTE CASTRO,CERVANTES,1600.0,-34.6245469538075,-58.5057139578594,GCS Web,Femenino,Cerrado,20/08/2021,00:00:00
3059,RECICLADO Y PROTECCIÓN AMBIENTAL,"RUIDOS MOLESTOS, EMANACIONES O DERRAMES",RUIDOS MOLESTOS Y VIBRACIONES,Denuncia,2021-08-19,09:42:04,12,VILLA URQUIZA,MENDOZA AV.,5140.0,-34.5775331761863,-58.4841204667921,App BA 147,Masculino,Cerrado,27/08/2021,00:00:00
3060,RECICLADO Y PROTECCIÓN AMBIENTAL,"RUIDOS MOLESTOS, EMANACIONES O DERRAMES",RUIDOS MOLESTOS Y VIBRACIONES,Denuncia,2021-08-19,13:16:57,13,COLEGIALES,AMENABAR,1501.0,-34.5682685178353,-58.4534203900235,App BA 147,Femenino,Cerrado,23/08/2021,00:00:00
3061,RECICLADO Y PROTECCIÓN AMBIENTAL,"RUIDOS MOLESTOS, EMANACIONES O DERRAMES",RUIDOS MOLESTOS Y VIBRACIONES,Denuncia,2021-08-19,18:40:36,2,RECOLETA,JUNIN,1390.0,-34.591997241101,-58.3962602588112,GCS Web,Masculino,Cerrado,20/08/2021,00:00:00
3062,RECICLADO Y PROTECCIÓN AMBIENTAL,"RUIDOS MOLESTOS, EMANACIONES O DERRAMES",RUIDOS MOLESTOS Y VIBRACIONES,Denuncia,2021-08-19,15:24:41,5,BOEDO,ALZAGA,,-34.635025721217,-58.4152099621358,GCS Web,Masculino,Cerrado,20/08/2021,00:00:00
3063,CALLES Y VEREDAS,OTROS,AJUSTE DE CHAPA METÁLICA POR RUIDOS MOLESTOS EN CALLE,Solicitud,2021-08-19,10:58:40,12,SAAVEDRA,CABILDO AV.,,-34.5438186239094,-58.4720947132851,App BA 147,Masculino,Cerrado,20/08/2021,00:00:00
3064,RECICLADO Y PROTECCIÓN AMBIENTAL,"RUIDOS MOLESTOS, EMANACIONES O DERRAMES",RUIDOS MOLESTOS Y VIBRACIONES,Denuncia,2021-08-20,13:08:13,12,VILLA URQUIZA,IBERA,5083.0,-34.5668696249647,-58.4905575681835,GCS Web,Femenino,Abierto,,
3065,RECICLADO Y PROTECCIÓN AMBIENTAL,"RUIDOS MOLESTOS, EMANACIONES O DERRAMES",RUIDOS MOLESTOS Y VIBRACIONES,Denuncia,2021-08-20,12:48:04,10,MONTE CASTRO,"GARCIA, JUAN AGUSTIN",4055.0,-34.6179492871262,-58.4941501588133,GCS Web,Masculino,Abierto,,
3066,RECICLADO Y PROTECCIÓN AMBIENTAL,"RUIDOS MOLESTOS, EMANACIONES O DERRAMES",RUIDOS MOLESTOS Y VIBRACIONES,Denuncia,2021-08-20,19:45:10,1,MONSERRAT,MEXICO,524.0,-34.6149093461655,-58.3736663175137,GCS Web,Masculino,Abierto,,
3067,RECICLADO Y PROTECCIÓN AMBIENTAL,"RUIDOS MOLESTOS, EMANACIONES O DERRAMES",RUIDOS MOLESTOS Y VIBRACIONES,Denuncia,2021-08-20,09:34:30,13,NUÑEZ,"PEDRAZA, MANUELA",1901.0,-34.5488516736374,-58.4617615930022,GCS Web,Masculino,Abierto,,
3068,RECICLADO Y PROTECCIÓN AMBIENTAL,"RUIDOS MOLESTOS, EMANACIONES O DERRAMES",RUIDOS MOLESTOS Y VIBRACIONES,Denuncia,2021-08-20,20:13:26,5,ALMAGRO,BULNES,1048.0,-34.5992513465182,-58.417710202718,GCS Web,Masculino,Abierto,,
3069,RECICLADO Y PROTECCIÓN AMBIENTAL,"RUIDOS MOLESTOS, EMANACIONES O DERRAMES",RUIDOS MOLESTOS Y VIBRACIONES,Denuncia,2021-08-20,15:29:50,3,BALVANERA,SARMIENTO,2976.0,-34.6067060632599,-58.4083249354938,GCS Web,Femenino,Abierto,,
3070,RECICLADO Y PROTECCIÓN AMBIENTAL,"RUIDOS MOLESTOS, EMANACIONES O DERRAMES",MALOS OLORES / HUMOS / GASES TÓXICOS,Denuncia,2021-08-20,00:44:47,13,BELGRANO,CABILDO AV.,2287.0,-34.5602535283733,-58.4580560743259,GCS Web,Femenino,Abierto,,
3071,RECICLADO Y PROTECCIÓN AMBIENTAL,"RUIDOS MOLESTOS, EMANACIONES O DERRAMES",RUIDOS MOLESTOS Y VIBRACIONES,Denuncia,2021-08-20,23:08:46,14,PALERMO,GODOY CRUZ,1772.0,-34.5869993358441,-58.4332651235684,App BA 147,Femenino,Abierto,,
3072,RECICLADO Y PROTECCIÓN AMBIENTAL,"RUIDOS MOLESTOS, EMANACIONES O DERRAMES",RUIDOS MOLESTOS Y VIBRACIONES,Denuncia,2021-08-20,08:00:08,6,CABALLITO,HIDALGO,768.0,-34.6106190593767,-58.4410753101797,App BA 147,Masculino,Abierto,,
3073,RECICLADO Y PROTECCIÓN AMBIENTAL,"RUIDOS MOLESTOS, EMANACIONES O DERRAMES",RUIDOS MOLESTOS Y VIBRACIONES,Denuncia,2021-08-20,21:30:09,5,ALMAGRO,LAVALLE,3946.0,-34.5986148193122,-58.4211138429855,App BA 147,Masculino,Abierto,,
3074,CALLES Y VEREDAS,OTROS,AJUSTE DE CHAPA METÁLICA POR RUIDOS MOLESTOS EN CALLE,Solicitud,2021-08-20,08:13:04,12,COGHLAN,"PEREZ, ROQUE",2720.0,-34.56284635131,-58.4724301632218,GCS Web,Masculino,Abierto,,
3075,CALLES Y VEREDAS,OTROS,AJUSTE DE CHAPA METÁLICA POR RUIDOS MOLESTOS EN CALLE,Solicitud,2021-08-20,07:08:24,13,NUÑEZ,CABILDO AV.,4399.0,-34.5438385613152,-58.471911338669,App BA 147,Masculino,Abierto,,
3076,CALLES Y VEREDAS,OTROS,AJUSTE DE CHAPA METÁLICA POR RUIDOS MOLESTOS EN CALLE,Solicitud,2021-08-20,09:40:15,12,SAAVEDRA,CABILDO AV.,4400.0,-34.5439597911793,-58.4721588830347,App BA 147,Masculino,Cerrado,23/08/2021,00:00:00
3077,RECICLADO Y PROTECCIÓN AMBIENTAL,CONTROL AMBIENTAL,CONSULTA TÉCNICA SOBRE TRAMITES DE INSCRIPCIÓN EN EL REGISTRO DE ACTIVIDADES CATALOGADAS COMO POTENCIALMENTE CONTAMINANTES POR RUIDOS Y VIBRACIONES (RAC),Solicitud,2021-08-20,19:34:58,13,COLEGIALES,CABILDO AV.,592.0,-34.5710743520887,-58.4428990759209,GCS Web,Masculino,Cerrado,24/08/2021,00:00:00
3078,RECICLADO Y PROTECCIÓN AMBIENTAL,CONTROL AMBIENTAL,CONSULTA TÉCNICA SOBRE TRAMITES DE INSCRIPCIÓN EN EL REGISTRO DE ACTIVIDADES CATALOGADAS COMO POTENCIALMENTE CONTAMINANTES POR RUIDOS Y VIBRACIONES (RAC),Solicitud,2021-08-20,12:13:49,1,CONSTITUCION,LIMA,1111.0,-34.6211467612605,-58.3815206086955,GCS Web,Masculino,Cerrado,20/08/2021,00:00:00
3079,RECICLADO Y PROTECCIÓN AMBIENTAL,"RUIDOS MOLESTOS, EMANACIONES O DERRAMES",MALOS OLORES / HUMOS / GASES TÓXICOS,Denuncia,2021-08-20,14:15:12,15,AGRONOMIA,ASUNCION,2119.0,-34.5864283243309,-58.4878486331092,GCS Web,Femenino,Cerrado,23/08/2021,00:00:00
3080,RECICLADO Y PROTECCIÓN AMBIENTAL,"RUIDOS MOLESTOS, EMANACIONES O DERRAMES",DERRAME DE LÍQUIDOS PELIGROSOS / INDUSTRIALES,Denuncia,2021-08-20,16:02:43,11,VILLA GRAL. MITRE,SANCHEZ,1808.0,-34.6074705603756,-58.4653348320956,GCS Web,Masculino,Cerrado,30/08/2021,00:00:00
3081,RECICLADO Y PROTECCIÓN AMBIENTAL,"RUIDOS MOLESTOS, EMANACIONES O DERRAMES",RUIDOS MOLESTOS Y VIBRACIONES,Denuncia,2021-08-20,10:52:08,9,PARQUE AVELLANEDA,MONTE,4266.0,-34.6502334569449,-58.4756050842253,App BA 147,Femenino,Cerrado,24/08/2021,00:00:00
3082,RECICLADO Y PROTECCIÓN AMBIENTAL,"RUIDOS MOLESTOS, EMANACIONES O DERRAMES",RUIDOS MOLESTOS Y VIBRACIONES,Denuncia,2021-08-20,11:53:17,4,BOCA,ARZOBISPO ESPINOSA,1133.0,-34.6334589054405,-58.369133818075,GCS Web,Masculino,Cerrado,20/08/2021,00:00:00
3083,RECICLADO Y PROTECCIÓN AMBIENTAL,"RUIDOS MOLESTOS, EMANACIONES O DERRAMES",RUIDOS MOLESTOS Y VIBRACIONES,Denuncia,2021-08-20,19:49:14,14,PALERMO,ARMENIA,,-34.5887140589755,-58.4262039168433,GCS Web,Femenino,Cerrado,23/08/2021,00:00:00
3084,RECICLADO Y PROTECCIÓN AMBIENTAL,"RUIDOS MOLESTOS, EMANACIONES O DERRAMES",RUIDOS MOLESTOS Y VIBRACIONES,Denuncia,2021-08-20,16:10:31,14,PALERMO,ARMENIA,,-34.5887140589755,-58.4262039168433,GCS Web,Masculino,Cerrado,23/08/2021,00:00:00
3085,RECICLADO Y PROTECCIÓN AMBIENTAL,"RUIDOS MOLESTOS, EMANACIONES O DERRAMES",RUIDOS MOLESTOS Y VIBRACIONES,Denuncia,2021-08-21,18:24:04,14,PALERMO,"DUMONT, SANTOS",2355.0,-34.572969254475,-58.4381284867808,GCS Web,Femenino,Abierto,,
3086,RECICLADO Y PROTECCIÓN AMBIENTAL,"RUIDOS MOLESTOS, EMANACIONES O DERRAMES",RUIDOS MOLESTOS Y VIBRACIONES,Denuncia,2021-08-21,12:18:38,1,SAN NICOLAS,"PERON, JUAN DOMINGO, TTE. GENERAL",1269.0,-34.6062856280515,-58.3846144374525,GCS Web,Femenino,Abierto,,
3087,RECICLADO Y PROTECCIÓN AMBIENTAL,"RUIDOS MOLESTOS, EMANACIONES O DERRAMES",RUIDOS MOLESTOS Y VIBRACIONES,Denuncia,2021-08-21,17:04:59,12,SAAVEDRA,GARCIA DEL RIO AV.,2955.0,-34.5494697441011,-58.4748545989007,GCS Web,Femenino,Abierto,,
3088,RECICLADO Y PROTECCIÓN AMBIENTAL,"RUIDOS MOLESTOS, EMANACIONES O DERRAMES",RUIDOS MOLESTOS Y VIBRACIONES,Denuncia,2021-08-21,23:08:35,14,PALERMO,COSTA RICA,4409.0,-34.5900789459788,-58.4240783645083,App BA 147,Masculino,Abierto,,
3089,RECICLADO Y PROTECCIÓN AMBIENTAL,"RUIDOS MOLESTOS, EMANACIONES O DERRAMES",RUIDOS MOLESTOS Y VIBRACIONES,Denuncia,2021-08-21,10:19:01,14,PALERMO,LAS HERAS GENERAL AV.,3521.0,-34.5823227320863,-58.4095105462985,App BA 147,Masculino,Abierto,,
3090,RECICLADO Y PROTECCIÓN AMBIENTAL,"RUIDOS MOLESTOS, EMANACIONES O DERRAMES",RUIDOS MOLESTOS Y VIBRACIONES,Denuncia,2021-08-21,18:22:31,15,CHACARITA,"RAMIREZ DE VELASCO, JUAN",1481.0,-34.5898567946857,-58.4447393144202,App BA 147,Femenino,Cerrado,25/08/2021,00:00:00
3091,RECICLADO Y PROTECCIÓN AMBIENTAL,"RUIDOS MOLESTOS, EMANACIONES O DERRAMES",RUIDOS MOLESTOS Y VIBRACIONES,Denuncia,2021-08-21,13:39:44,12,VILLA URQUIZA,NUÑEZ,5165.0,-34.563482005412,-58.4928283864777,GCS Web,Masculino,Cerrado,26/08/2021,00:00:00
3092,RECICLADO Y PROTECCIÓN AMBIENTAL,"RUIDOS MOLESTOS, EMANACIONES O DERRAMES",RUIDOS MOLESTOS Y VIBRACIONES,Denuncia,2021-08-21,14:37:17,14,PALERMO,GASCON,1589.0,-34.5919468988618,-58.4225262648873,GCS Web,Femenino,Cerrado,25/08/2021,00:00:00
3093,RECICLADO Y PROTECCIÓN AMBIENTAL,"RUIDOS MOLESTOS, EMANACIONES O DERRAMES",RUIDOS MOLESTOS Y VIBRACIONES,Denuncia,2021-08-22,18:14:07,2,RECOLETA,ECUADOR,1049.0,-34.5977096412831,-58.4053779016812,GCS Web,Femenino,Abierto,,
3094,RECICLADO Y PROTECCIÓN AMBIENTAL,"RUIDOS MOLESTOS, EMANACIONES O DERRAMES",RUIDOS MOLESTOS Y VIBRACIONES,Denuncia,2021-08-22,19:33:50,14,PALERMO,THAMES,1514.0,-34.588619376987,-58.4320655077777,GCS Web,Femenino,Abierto,,
3095,RECICLADO Y PROTECCIÓN AMBIENTAL,"RUIDOS MOLESTOS, EMANACIONES O DERRAMES",MALOS OLORES / HUMOS / GASES TÓXICOS,Denuncia,2021-08-22,10:45:39,7,PARQUE CHACABUCO,DIRECTORIO AV.,728.0,-34.6286379354362,-58.4375587402874,App BA 147,Femenino,Abierto,,
3096,RECICLADO Y PROTECCIÓN AMBIENTAL,"RUIDOS MOLESTOS, EMANACIONES O DERRAMES",RUIDOS MOLESTOS Y VIBRACIONES,Denuncia,2021-08-22,01:53:53,13,NUÑEZ,PAROISSIEN,1724.0,-34.5434747529985,-58.463444927256,App BA 147,Masculino,Abierto,,
3097,RECICLADO Y PROTECCIÓN AMBIENTAL,"RUIDOS MOLESTOS, EMANACIONES O DERRAMES",RUIDOS MOLESTOS Y VIBRACIONES,Denuncia,2021-08-22,18:23:05,11,VILLA SANTA RITA,CAMPANA,1747.0,-34.61455372709,-58.4860516261139,App BA 147,Femenino,Abierto,,
3098,RECICLADO Y PROTECCIÓN AMBIENTAL,"RUIDOS MOLESTOS, EMANACIONES O DERRAMES",DERRAME DE LÍQUIDOS PELIGROSOS / INDUSTRIALES,Denuncia,2021-08-22,18:23:15,14,PALERMO,GURRUCHAGA,1974.0,-34.5869176798713,-58.4255712549785,GCS Web,Masculino,Cerrado,23/08/2021,00:00:00
3099,RECICLADO Y PROTECCIÓN AMBIENTAL,"RUIDOS MOLESTOS, EMANACIONES O DERRAMES",RUIDOS MOLESTOS Y VIBRACIONES,Denuncia,2021-08-22,02:56:38,6,CABALLITO,AVELLANEDA AV.,1759.0,-34.620959844377,-58.455640595561,App BA 147,Femenino,Cerrado,23/08/2021,00:00:00
3100,RECICLADO Y PROTECCIÓN AMBIENTAL,"RUIDOS MOLESTOS, EMANACIONES O DERRAMES",RUIDOS MOLESTOS Y VIBRACIONES,Denuncia,2021-08-22,02:20:44,2,RECOLETA,"MANSILLA, LUCIO NORBERTO, GENERAL",2986.0,-34.5946222423268,-58.4088795802949,App BA 147,Masculino,Cerrado,23/08/2021,00:00:00
3101,RECICLADO Y PROTECCIÓN AMBIENTAL,"RUIDOS MOLESTOS, EMANACIONES O DERRAMES",RUIDOS MOLESTOS Y VIBRACIONES,Denuncia,2021-08-22,02:58:46,6,CABALLITO,AVELLANEDA AV.,1753.0,-34.6209288218245,-58.4555538283364,App BA 147,Femenino,Cerrado,23/08/2021,00:00:00
3102,RECICLADO Y PROTECCIÓN AMBIENTAL,"RUIDOS MOLESTOS, EMANACIONES O DERRAMES",RUIDOS MOLESTOS Y VIBRACIONES,Denuncia,2021-08-22,04:37:50,1,MONSERRAT,REPUBLICA BOLIVARIANA DE VENEZUELA,1434.0,-34.6146241425923,-58.3864738806838,App BA 147,Masculino,Cerrado,23/08/2021,00:00:00
3103,RECICLADO Y PROTECCIÓN AMBIENTAL,"RUIDOS MOLESTOS, EMANACIONES O DERRAMES",RUIDOS MOLESTOS Y VIBRACIONES,Denuncia,2021-08-22,20:03:50,10,VILLA LURO,CAJARAVILLA,4500.0,-34.6399801086507,-58.4898352130568,App BA 147,Femenino,Cerrado,24/08/2021,00:00:00
3104,RECICLADO Y PROTECCIÓN AMBIENTAL,"RUIDOS MOLESTOS, EMANACIONES O DERRAMES",RUIDOS MOLESTOS Y VIBRACIONES,Denuncia,2021-08-22,14:58:29,14,PALERMO,GORRITI,5099.0,-34.5888327454306,-58.4319779618197,GCS Web,Masculino,Cerrado,31/08/2021,00:00:00
3105,RECICLADO Y PROTECCIÓN AMBIENTAL,"RUIDOS MOLESTOS, EMANACIONES O DERRAMES",RUIDOS MOLESTOS Y VIBRACIONES,Denuncia,2021-08-23,14:07:53,11,VILLA DEVOTO,MERCEDES,3335.0,-34.6048562815134,-58.5085886188932,Comuna,Femenino,Abierto,,
3106,RECICLADO Y PROTECCIÓN AMBIENTAL,"RUIDOS MOLESTOS, EMANACIONES O DERRAMES",RUIDOS MOLESTOS Y VIBRACIONES,Denuncia,2021-08-23,11:44:26,2,RECOLETA,MONTEVIDEO,1296.0,-34.5943705707189,-58.3901076438467,GCS Web,Femenino,Abierto,,
3107,RECICLADO Y PROTECCIÓN AMBIENTAL,"RUIDOS MOLESTOS, EMANACIONES O DERRAMES",RUIDOS MOLESTOS Y VIBRACIONES,Denuncia,2021-08-23,12:27:21,11,VILLA DEL PARQUE,"BEIRO, FRANCISCO AV.",3482.0,-34.5997844121864,-58.5018584513083,GCS Web,Femenino,Abierto,,
3108,RECICLADO Y PROTECCIÓN AMBIENTAL,"RUIDOS MOLESTOS, EMANACIONES O DERRAMES",RUIDOS MOLESTOS Y VIBRACIONES,Denuncia,2021-08-23,23:00:32,6,CABALLITO,DIAZ VELEZ AV.,5155.0,-34.6087152681463,-58.4394547431696,GCS Web,Masculino,Abierto,,
3109,RECICLADO Y PROTECCIÓN AMBIENTAL,"RUIDOS MOLESTOS, EMANACIONES O DERRAMES",RUIDOS MOLESTOS Y VIBRACIONES,Denuncia,2021-08-23,18:08:25,14,PALERMO,ARENALES,3498.0,-34.5864679745112,-58.4121752166788,GCS Web,Femenino,Abierto,,
3110,RECICLADO Y PROTECCIÓN AMBIENTAL,"RUIDOS MOLESTOS, EMANACIONES O DERRAMES",DERRAME DE LÍQUIDOS PELIGROSOS / INDUSTRIALES,Denuncia,2021-08-23,17:16:52,15,PARQUE CHAS,ANDONAEGUI,1245.0,-34.5877646898095,-58.4790700333923,App BA 147,Femenino,Abierto,,
3111,RECICLADO Y PROTECCIÓN AMBIENTAL,"RUIDOS MOLESTOS, EMANACIONES O DERRAMES",RUIDOS MOLESTOS Y VIBRACIONES,Denuncia,2021-08-23,20:33:09,9,MATADEROS,GUAMINI,3136.0,-34.6713168710345,-58.4990694608891,App BA 147,Masculino,Abierto,,
3112,CALLES Y VEREDAS,OTROS,AJUSTE DE CHAPA METÁLICA POR RUIDOS MOLESTOS EN CALLE,Solicitud,2021-08-23,14:21:59,3,BALVANERA,LA RIOJA,365.0,-34.6146550936742,-58.4085303060674,App BA 147,Masculino,Abierto,,
3113,RECICLADO Y PROTECCIÓN AMBIENTAL,"RUIDOS MOLESTOS, EMANACIONES O DERRAMES",DERRAME DE LÍQUIDOS PELIGROSOS / INDUSTRIALES,Denuncia,2021-08-23,12:54:55,4,BARRACAS,"MONTES DE OCA, MANUEL AV.",467.0,-34.6338206987099,-58.3757100572159,App BA 147,Femenino,Cerrado,23/08/2021,00:00:00
3114,RECICLADO Y PROTECCIÓN AMBIENTAL,"RUIDOS MOLESTOS, EMANACIONES O DERRAMES",RUIDOS MOLESTOS Y VIBRACIONES,Denuncia,2021-08-23,10:06:17,12,COGHLAN,"BALBIN, RICARDO, DR. AV.",3241.0,-34.5580353830319,-58.476126214721,GCS Web,Masculino,Cerrado,02/09/2021,00:00:00
3115,RECICLADO Y PROTECCIÓN AMBIENTAL,"RUIDOS MOLESTOS, EMANACIONES O DERRAMES",RUIDOS MOLESTOS Y VIBRACIONES,Denuncia,2021-08-23,19:47:39,15,CHACARITA,FRAGA,723.0,-34.5841447060793,-58.4537954119118,GCS Web,Femenino,Cerrado,24/08/2021,00:00:00
3116,CALLES Y VEREDAS,OTROS,AJUSTE DE CHAPA METÁLICA POR RUIDOS MOLESTOS EN CALLE,Solicitud,2021-08-23,19:48:23,12,SAAVEDRA,CABILDO AV.,,-34.5438186239094,-58.4720947132851,GCS Web,Femenino,Abierto,,
3117,CALLES Y VEREDAS,OTROS,AJUSTE DE CHAPA METÁLICA POR RUIDOS MOLESTOS EN CALLE,Solicitud,2021-08-23,17:04:51,12,SAAVEDRA,CABILDO AV.,,-34.5438186239094,-58.4720947132851,App BA 147,Femenino,Cerrado,24/08/2021,00:00:00
3118,RECICLADO Y PROTECCIÓN AMBIENTAL,"RUIDOS MOLESTOS, EMANACIONES O DERRAMES",MALOS OLORES / HUMOS / GASES TÓXICOS,Denuncia,2021-08-24,12:14:19,14,PALERMO,"SEGUI, JUAN FRANCISCO",3607.0,-34.5787921975999,-58.4094899971049,Comuna,Femenino,Abierto,,
3119,RECICLADO Y PROTECCIÓN AMBIENTAL,"RUIDOS MOLESTOS, EMANACIONES O DERRAMES",MALOS OLORES / HUMOS / GASES TÓXICOS,Denuncia,2021-08-24,13:42:51,15,PATERNAL,PAZ SOLDAN,4950.0,-34.5937568600259,-58.4677939109819,GCS Web,Femenino,Abierto,,
3120,RECICLADO Y PROTECCIÓN AMBIENTAL,"RUIDOS MOLESTOS, EMANACIONES O DERRAMES",RUIDOS MOLESTOS Y VIBRACIONES,Denuncia,2021-08-24,09:30:18,14,PALERMO,"VEGA, NICETO, CNEL. AV.",5626.0,-34.5865572247362,-58.4397125765063,App BA 147,Femenino,Abierto,,
3121,RECICLADO Y PROTECCIÓN AMBIENTAL,"RUIDOS MOLESTOS, EMANACIONES O DERRAMES",RUIDOS MOLESTOS Y VIBRACIONES,Denuncia,2021-08-24,22:42:23,1,MONSERRAT,CHILE,419.0,-34.6159917794156,-58.3720666382244,App BA 147,Masculino,Abierto,,
3122,RECICLADO Y PROTECCIÓN AMBIENTAL,"RUIDOS MOLESTOS, EMANACIONES O DERRAMES",DERRAME DE LÍQUIDOS PELIGROSOS / INDUSTRIALES,Denuncia,2021-08-24,17:45:27,15,PARQUE CHAS,LAS INDIAS,1015.0,-34.5906619919611,-58.4775010455698,App BA 147,Femenino,Abierto,,
3123,CALLES Y VEREDAS,OTROS,AJUSTE DE CHAPA METÁLICA POR RUIDOS MOLESTOS EN CALLE,Solicitud,2021-08-24,15:57:29,12,VILLA URQUIZA,TRIUNVIRATO AV.,4450.0,-34.5761176022829,-58.483656561947,GCS Web,Femenino,Abierto,,
3124,CALLES Y VEREDAS,OTROS,AJUSTE DE CHAPA METÁLICA POR RUIDOS MOLESTOS EN CALLE,Solicitud,2021-08-24,19:40:18,3,BALVANERA,LA RIOJA,367.0,-34.6146550936742,-58.4085303060674,App BA 147,Femenino,Abierto,,
3125,CALLES Y VEREDAS,OTROS,AJUSTE DE CHAPA METÁLICA POR RUIDOS MOLESTOS EN CALLE,Solicitud,2021-08-24,09:29:17,12,COGHLAN,"PEREZ, ROQUE",2700.0,-34.5630479724818,-58.4721820690788,GCS Web,Femenino,Cerrado,25/08/2021,00:00:00
3126,RECICLADO Y PROTECCIÓN AMBIENTAL,"RUIDOS MOLESTOS, EMANACIONES O DERRAMES",RUIDOS MOLESTOS Y VIBRACIONES,Denuncia,2021-08-24,11:05:35,13,COLEGIALES,"GARCIA, TEODORO",2595.0,-34.5717595231767,-58.4471974037365,App BA 147,Femenino,Cerrado,25/08/2021,00:00:00
3127,RECICLADO Y PROTECCIÓN AMBIENTAL,"RUIDOS MOLESTOS, EMANACIONES O DERRAMES",RUIDOS MOLESTOS Y VIBRACIONES,Denuncia,2021-08-24,11:06:24,13,COLEGIALES,"GARCIA, TEODORO",2595.0,-34.5717595231767,-58.4471974037365,App BA 147,Femenino,Cerrado,25/08/2021,00:00:00
3128,RECICLADO Y PROTECCIÓN AMBIENTAL,"RUIDOS MOLESTOS, EMANACIONES O DERRAMES",RUIDOS MOLESTOS Y VIBRACIONES,Denuncia,2021-08-24,16:05:08,13,BELGRANO,ARRIBEÑOS,2299.0,-34.5562916202914,-58.4515489226356,App BA 147,Masculino,Cerrado,02/09/2021,00:00:00
3129,RECICLADO Y PROTECCIÓN AMBIENTAL,"RUIDOS MOLESTOS, EMANACIONES O DERRAMES",RUIDOS MOLESTOS Y VIBRACIONES,Denuncia,2021-08-24,19:03:23,13,BELGRANO,ECHEVERRIA,2948.0,-34.5659779343635,-58.4608842426602,GCS Web,Masculino,Cerrado,26/08/2021,00:00:00
3130,RECICLADO Y PROTECCIÓN AMBIENTAL,"RUIDOS MOLESTOS, EMANACIONES O DERRAMES",RUIDOS MOLESTOS Y VIBRACIONES,Denuncia,2021-08-25,17:20:05,7,FLORES,LAUTARO,362.0,-34.6313454499407,-58.4556783297464,GCS Web,Femenino,Abierto,,
3131,RECICLADO Y PROTECCIÓN AMBIENTAL,"RUIDOS MOLESTOS, EMANACIONES O DERRAMES",RUIDOS MOLESTOS Y VIBRACIONES,Denuncia,2021-08-25,20:52:49,2,RECOLETA,PARAGUAY,1536.0,-34.5984433528896,-58.3887288661875,GCS Web,Femenino,Abierto,,
3132,RECICLADO Y PROTECCIÓN AMBIENTAL,"RUIDOS MOLESTOS, EMANACIONES O DERRAMES",RUIDOS MOLESTOS Y VIBRACIONES,Denuncia,2021-08-25,00:00:50,14,PALERMO,"BORGES, JORGE LUIS",1702.0,-34.5879653566334,-58.4291212810166,GCS Web,Masculino,Abierto,,
3133,RECICLADO Y PROTECCIÓN AMBIENTAL,"RUIDOS MOLESTOS, EMANACIONES O DERRAMES",RUIDOS MOLESTOS Y VIBRACIONES,Denuncia,2021-08-25,21:26:02,15,CHACARITA,DORREGO AV.,946.0,-34.5902925665416,-58.4465618880484,GCS Web,Femenino,Abierto,,
3134,RECICLADO Y PROTECCIÓN AMBIENTAL,"RUIDOS MOLESTOS, EMANACIONES O DERRAMES",RUIDOS MOLESTOS Y VIBRACIONES,Denuncia,2021-08-25,18:40:17,14,PALERMO,GODOY CRUZ,2509.0,-34.5806536588586,-58.4269304939049,GCS Web,Masculino,Abierto,,
3135,RECICLADO Y PROTECCIÓN AMBIENTAL,"RUIDOS MOLESTOS, EMANACIONES O DERRAMES",RUIDOS MOLESTOS Y VIBRACIONES,Denuncia,2021-08-25,13:34:39,4,BARRACAS,"MONTES DE OCA, MANUEL AV.",567.0,-34.6349401699341,-58.3753957021811,GCS Web,Masculino,Abierto,,
3136,RECICLADO Y PROTECCIÓN AMBIENTAL,"RUIDOS MOLESTOS, EMANACIONES O DERRAMES",RUIDOS MOLESTOS Y VIBRACIONES,Denuncia,2021-08-25,17:25:24,6,CABALLITO,GUAYAQUIL,124.0,-34.6197379297867,-58.4301882957164,GCS Web,Masculino,Abierto,,
3137,RECICLADO Y PROTECCIÓN AMBIENTAL,"RUIDOS MOLESTOS, EMANACIONES O DERRAMES",RUIDOS MOLESTOS Y VIBRACIONES,Denuncia,2021-08-25,09:17:00,7,PARQUE CHACABUCO,DIRECTORIO AV.,430.0,-34.6279428680437,-58.4328046757805,GCS Web,Femenino,Abierto,,
3138,RECICLADO Y PROTECCIÓN AMBIENTAL,"RUIDOS MOLESTOS, EMANACIONES O DERRAMES",RUIDOS MOLESTOS Y VIBRACIONES,Denuncia,2021-08-25,21:24:27,15,VILLA CRESPO,SERRANO,382.0,-34.5973815129317,-58.4439399083614,GCS Web,Femenino,Abierto,,
3139,RECICLADO Y PROTECCIÓN AMBIENTAL,"RUIDOS MOLESTOS, EMANACIONES O DERRAMES",RUIDOS MOLESTOS Y VIBRACIONES,Denuncia,2021-08-25,23:32:42,8,VILLA LUGANO,ESCALADA AV.,4531.0,-34.6784053651338,-58.452661455321,App BA 147,Femenino,Abierto,,
3140,RECICLADO Y PROTECCIÓN AMBIENTAL,"RUIDOS MOLESTOS, EMANACIONES O DERRAMES",RUIDOS MOLESTOS Y VIBRACIONES,Denuncia,2021-08-25,00:42:45,4,BOCA,"VALLE, ARISTOBULO DEL",902.0,-34.635188531818,-58.3663324074865,App BA 147,Femenino,Abierto,,
3141,RECICLADO Y PROTECCIÓN AMBIENTAL,"RUIDOS MOLESTOS, EMANACIONES O DERRAMES",RUIDOS MOLESTOS Y VIBRACIONES,Denuncia,2021-08-25,10:40:08,13,BELGRANO,MONROE,1525.0,-34.5531715573539,-58.4514131567831,App BA 147,Femenino,Abierto,,
3142,RECICLADO Y PROTECCIÓN AMBIENTAL,"RUIDOS MOLESTOS, EMANACIONES O DERRAMES",RUIDOS MOLESTOS Y VIBRACIONES,Denuncia,2021-08-25,18:01:31,3,BALVANERA,CORDOBA AV.,1840.0,-34.5997316129607,-58.3935185388009,App BA 147,Femenino,Abierto,,
3143,RECICLADO Y PROTECCIÓN AMBIENTAL,"RUIDOS MOLESTOS, EMANACIONES O DERRAMES",DERRAME DE LÍQUIDOS PELIGROSOS / INDUSTRIALES,Denuncia,2021-08-25,21:32:44,11,VILLA DEVOTO,"MISTRAL, GABRIELA",3980.0,-34.5956299922101,-58.5151752065302,GCS Web,Masculino,Cerrado,26/08/2021,00:00:00
3144,RECICLADO Y PROTECCIÓN AMBIENTAL,"RUIDOS MOLESTOS, EMANACIONES O DERRAMES",DERRAME DE LÍQUIDOS PELIGROSOS / INDUSTRIALES,Denuncia,2021-08-25,13:47:34,11,VILLA GRAL. MITRE,CAMARONES,1531.0,-34.6039539727213,-58.4631552367948,Operador GCBA,Masculino,Cerrado,31/08/2021,00:00:00
3145,RECICLADO Y PROTECCIÓN AMBIENTAL,"RUIDOS MOLESTOS, EMANACIONES O DERRAMES",DERRAME DE LÍQUIDOS PELIGROSOS / INDUSTRIALES,Denuncia,2021-08-25,12:43:16,11,VILLA GRAL. MITRE,CAMARONES,1531.0,-34.6039539727213,-58.4631552367948,GCS Web,Masculino,Cerrado,25/08/2021,00:00:00
3146,RECICLADO Y PROTECCIÓN AMBIENTAL,"RUIDOS MOLESTOS, EMANACIONES O DERRAMES",RUIDOS MOLESTOS Y VIBRACIONES,Denuncia,2021-08-25,14:15:09,2,RECOLETA,JUNCAL,2449.0,-34.5912146834082,-58.4017605615545,Operador GCBA,Femenino,Cerrado,26/08/2021,00:00:00
3147,RECICLADO Y PROTECCIÓN AMBIENTAL,"RUIDOS MOLESTOS, EMANACIONES O DERRAMES",RUIDOS MOLESTOS Y VIBRACIONES,Denuncia,2021-08-25,11:42:11,2,RECOLETA,JUNCAL,2449.0,-34.5912146834082,-58.4017605615545,GCS Web,Femenino,Cerrado,25/08/2021,00:00:00
3148,RECICLADO Y PROTECCIÓN AMBIENTAL,"RUIDOS MOLESTOS, EMANACIONES O DERRAMES",RUIDOS MOLESTOS Y VIBRACIONES,Denuncia,2021-08-25,19:49:19,5,BOEDO,"GARAY, JUAN DE AV.",3960.0,-34.6319075200744,-58.4200026756503,GCS Web,Masculino,Cerrado,26/08/2021,00:00:00
3149,RECICLADO Y PROTECCIÓN AMBIENTAL,"RUIDOS MOLESTOS, EMANACIONES O DERRAMES",RUIDOS MOLESTOS Y VIBRACIONES,Denuncia,2021-08-25,17:03:08,14,PALERMO,FRAY JUSTO SANTAMARIA DE ORO,2363.0,-34.5807661027955,-58.42563211677,GCS Web,Femenino,Cerrado,02/09/2021,00:00:00
3150,RECICLADO Y PROTECCIÓN AMBIENTAL,"RUIDOS MOLESTOS, EMANACIONES O DERRAMES",RUIDOS MOLESTOS Y VIBRACIONES,Denuncia,2021-08-26,19:31:30,1,SAN NICOLAS,RODRIGUEZ PEÑA,262.0,-34.6059583435463,-58.3908180683684,GCS Web,Masculino,Abierto,,
3151,RECICLADO Y PROTECCIÓN AMBIENTAL,"RUIDOS MOLESTOS, EMANACIONES O DERRAMES",RUIDOS MOLESTOS Y VIBRACIONES,Denuncia,2021-08-26,23:10:13,1,MONSERRAT,MEXICO,524.0,-34.6149093461655,-58.3736663175137,GCS Web,Masculino,Abierto,,
3152,RECICLADO Y PROTECCIÓN AMBIENTAL,"RUIDOS MOLESTOS, EMANACIONES O DERRAMES",RUIDOS MOLESTOS Y VIBRACIONES,Denuncia,2021-08-26,22:01:06,15,VILLA CRESPO,CORDOBA AV.,4788.0,-34.5929785372596,-58.432236325521,GCS Web,Femenino,Abierto,,
3153,RECICLADO Y PROTECCIÓN AMBIENTAL,"RUIDOS MOLESTOS, EMANACIONES O DERRAMES",RUIDOS MOLESTOS Y VIBRACIONES,Denuncia,2021-08-26,18:11:01,13,BELGRANO,"UGARTE, MANUEL",1706.0,-34.5527716879622,-58.4548710500621,App BA 147,Femenino,Abierto,,
3154,RECICLADO Y PROTECCIÓN AMBIENTAL,"RUIDOS MOLESTOS, EMANACIONES O DERRAMES",MALOS OLORES / HUMOS / GASES TÓXICOS,Denuncia,2021-08-26,20:31:44,14,PALERMO,FITZ ROY,1818.0,-34.5831323427689,-58.4352266207374,App BA 147,Femenino,Abierto,,
3155,RECICLADO Y PROTECCIÓN AMBIENTAL,"RUIDOS MOLESTOS, EMANACIONES O DERRAMES",RUIDOS MOLESTOS Y VIBRACIONES,Denuncia,2021-08-26,21:45:52,14,PALERMO,FITZ ROY,1818.0,-34.5831323427689,-58.4352266207374,App BA 147,Femenino,Abierto,,
3156,RECICLADO Y PROTECCIÓN AMBIENTAL,"RUIDOS MOLESTOS, EMANACIONES O DERRAMES",MALOS OLORES / HUMOS / GASES TÓXICOS,Denuncia,2021-08-26,19:37:55,7,FLORES,"ALBERDI, JUAN BAUTISTA AV.",2621.0,-34.6321540759779,-58.4648485016275,App BA 147,Femenino,Abierto,,
3157,RECICLADO Y PROTECCIÓN AMBIENTAL,"RUIDOS MOLESTOS, EMANACIONES O DERRAMES",RUIDOS MOLESTOS Y VIBRACIONES,Denuncia,2021-08-26,02:53:14,13,NUÑEZ,CABILDO AV.,3342.0,-34.5520094271781,-58.4659252896624,App BA 147,Femenino,Abierto,,
3158,CALLES Y VEREDAS,OTROS,AJUSTE DE CHAPA METÁLICA POR RUIDOS MOLESTOS EN CALLE,Solicitud,2021-08-26,21:20:46,3,BALVANERA,INDEPENDENCIA AV.,3001.0,-34.6196652635704,-58.4079684369246,GCS Web,Femenino,Abierto,,
3159,RECICLADO Y PROTECCIÓN AMBIENTAL,"RUIDOS MOLESTOS, EMANACIONES O DERRAMES",MALOS OLORES / HUMOS / GASES TÓXICOS,Denuncia,2021-08-26,15:40:50,1,SAN TELMO,BALCARCE,1375.0,-34.6238110959597,-58.3698037138237,GCS Web,Femenino,Cerrado,01/09/2021,00:00:00
3160,RECICLADO Y PROTECCIÓN AMBIENTAL,"RUIDOS MOLESTOS, EMANACIONES O DERRAMES",DERRAME DE LÍQUIDOS PELIGROSOS / INDUSTRIALES,Denuncia,2021-08-26,13:42:29,11,VILLA DEVOTO,"MISTRAL, GABRIELA",3980.0,-34.5956299922101,-58.5151752065302,Operador GCBA,Masculino,Cerrado,01/09/2021,00:00:00
3161,RECICLADO Y PROTECCIÓN AMBIENTAL,"RUIDOS MOLESTOS, EMANACIONES O DERRAMES",RUIDOS MOLESTOS Y VIBRACIONES,Denuncia,2021-08-26,00:58:41,5,ALMAGRO,"SALGUERO, JERONIMO",648.0,-34.6027114867134,-58.4194807841701,App BA 147,Femenino,Cerrado,26/08/2021,00:00:00
3162,RECICLADO Y PROTECCIÓN AMBIENTAL,"RUIDOS MOLESTOS, EMANACIONES O DERRAMES",RUIDOS MOLESTOS Y VIBRACIONES,Denuncia,2021-08-27,14:06:15,2,RECOLETA,"PACHECO DE MELO, JOSE ANDRES",2134.0,-34.5899935394738,-58.3960929979294,GCS Web,Masculino,Abierto,,
3163,RECICLADO Y PROTECCIÓN AMBIENTAL,"RUIDOS MOLESTOS, EMANACIONES O DERRAMES",RUIDOS MOLESTOS Y VIBRACIONES,Denuncia,2021-08-27,18:42:14,15,VILLA CRESPO,CORRIENTES AV.,5491.0,-34.5973507571714,-58.4413817147432,GCS Web,Masculino,Abierto,,
3164,RECICLADO Y PROTECCIÓN AMBIENTAL,"RUIDOS MOLESTOS, EMANACIONES O DERRAMES",RUIDOS MOLESTOS Y VIBRACIONES,Denuncia,2021-08-27,10:14:27,1,SAN NICOLAS,"PERON, JUAN DOMINGO, TTE. GENERAL",1269.0,-34.6062856280515,-58.3846144374525,GCS Web,Femenino,Abierto,,
3165,RECICLADO Y PROTECCIÓN AMBIENTAL,"RUIDOS MOLESTOS, EMANACIONES O DERRAMES",RUIDOS MOLESTOS Y VIBRACIONES,Denuncia,2021-08-27,11:59:39,13,COLEGIALES,AMENABAR,786.0,-34.5720851097051,-58.4470413414575,GCS Web,Femenino,Abierto,,
3166,RECICLADO Y PROTECCIÓN AMBIENTAL,"RUIDOS MOLESTOS, EMANACIONES O DERRAMES",RUIDOS MOLESTOS Y VIBRACIONES,Denuncia,2021-08-27,18:07:45,13,BELGRANO,"SUCRE, ANTONIO JOSE DE, MCAL.",860.0,-34.5543955644643,-58.4389434877652,GCS Web,Masculino,Abierto,,
3167,RECICLADO Y PROTECCIÓN AMBIENTAL,"RUIDOS MOLESTOS, EMANACIONES O DERRAMES",RUIDOS MOLESTOS Y VIBRACIONES,Denuncia,2021-08-27,23:58:10,14,PALERMO,"DUMONT, SANTOS",2385.0,-34.5730819866437,-58.4382420158914,GCS Web,Femenino,Abierto,,
3168,RECICLADO Y PROTECCIÓN AMBIENTAL,"RUIDOS MOLESTOS, EMANACIONES O DERRAMES",RUIDOS MOLESTOS Y VIBRACIONES,Denuncia,2021-08-27,14:01:22,13,BELGRANO,MONROE,2532.0,-34.5591610842535,-58.4612731450323,GCS Web,Masculino,Abierto,,
3169,RECICLADO Y PROTECCIÓN AMBIENTAL,"RUIDOS MOLESTOS, EMANACIONES O DERRAMES",RUIDOS MOLESTOS Y VIBRACIONES,Denuncia,2021-08-27,10:54:49,7,FLORES,"ALBERDI, JUAN BAUTISTA AV.",2277.0,-34.6305778060625,-58.4596675540131,GCS Web,Masculino,Abierto,,
3170,RECICLADO Y PROTECCIÓN AMBIENTAL,"RUIDOS MOLESTOS, EMANACIONES O DERRAMES",MALOS OLORES / HUMOS / GASES TÓXICOS,Denuncia,2021-08-27,17:48:10,13,BELGRANO,"SUCRE, ANTONIO JOSE DE, MCAL.",860.0,-34.5543955644643,-58.4389434877652,GCS Web,Masculino,Abierto,,
3171,RECICLADO Y PROTECCIÓN AMBIENTAL,"RUIDOS MOLESTOS, EMANACIONES O DERRAMES",RUIDOS MOLESTOS Y VIBRACIONES,Denuncia,2021-08-27,00:13:02,13,NUÑEZ,CRAMER AV.,3128.0,-34.5557202117667,-58.4692347871918,App BA 147,Femenino,Abierto,,
3172,RECICLADO Y PROTECCIÓN AMBIENTAL,"RUIDOS MOLESTOS, EMANACIONES O DERRAMES",RUIDOS MOLESTOS Y VIBRACIONES,Denuncia,2021-08-27,22:57:39,14,PALERMO,FITZ ROY,2074.0,-34.5810700104093,-58.4328666027957,App BA 147,Masculino,Abierto,,
3173,RECICLADO Y PROTECCIÓN AMBIENTAL,"RUIDOS MOLESTOS, EMANACIONES O DERRAMES",RUIDOS MOLESTOS Y VIBRACIONES,Denuncia,2021-08-27,22:39:32,15,VILLA CRESPO,"ESCALADA DE SAN MARTIN, R.",631.0,-34.6018805754633,-58.4526347493001,App BA 147,Femenino,Abierto,,
3174,RECICLADO Y PROTECCIÓN AMBIENTAL,CONTROL AMBIENTAL,CONSULTA TÉCNICA SOBRE TRAMITES DE INSCRIPCIÓN EN EL REGISTRO DE ACTIVIDADES CATALOGADAS COMO POTENCIALMENTE CONTAMINANTES POR RUIDOS Y VIBRACIONES (RAC),Solicitud,2021-08-27,11:38:40,7,FLORES,NEUQUEN,2865.0,-34.6209860969839,-58.473380624307,GCS Web,Masculino,Cerrado,27/08/2021,00:00:00
3175,CALLES Y VEREDAS,OTROS,AJUSTE DE CHAPA METÁLICA POR RUIDOS MOLESTOS EN CALLE,Solicitud,2021-08-27,20:44:34,3,BALVANERA,INDEPENDENCIA AV.,3001.0,-34.6196652635704,-58.4079684369246,GCS Web,Masculino,Cerrado,30/08/2021,00:00:00
3176,RECICLADO Y PROTECCIÓN AMBIENTAL,"RUIDOS MOLESTOS, EMANACIONES O DERRAMES",DERRAME DE LÍQUIDOS PELIGROSOS / INDUSTRIALES,Denuncia,2021-08-27,14:03:00,5,ALMAGRO,SARMIENTO,4239.0,-34.6043877225616,-58.4248857724859,Operador GCBA,Masculino,Cerrado,30/08/2021,00:00:00
3177,RECICLADO Y PROTECCIÓN AMBIENTAL,"RUIDOS MOLESTOS, EMANACIONES O DERRAMES",MALOS OLORES / HUMOS / GASES TÓXICOS,Denuncia,2021-08-27,13:23:04,5,ALMAGRO,SARMIENTO,4239.0,-34.6043877225616,-58.4248857724859,App BA 147,Masculino,Cerrado,27/08/2021,00:00:00
3178,RECICLADO Y PROTECCIÓN AMBIENTAL,"RUIDOS MOLESTOS, EMANACIONES O DERRAMES",DERRAME DE LÍQUIDOS PELIGROSOS / INDUSTRIALES,Denuncia,2021-08-27,21:08:55,13,COLEGIALES,MAURE,2570.0,-34.5728632515386,-58.4431938439298,App BA 147,Femenino,Cerrado,30/08/2021,00:00:00
3179,RECICLADO Y PROTECCIÓN AMBIENTAL,"RUIDOS MOLESTOS, EMANACIONES O DERRAMES",RUIDOS MOLESTOS Y VIBRACIONES,Denuncia,2021-08-27,16:40:09,11,VILLA DEVOTO,"SOLA, MANUEL",4581.0,-34.6118408923099,-58.5098238878598,App BA 147,Masculino,Cerrado,31/08/2021,00:00:00
3180,RECICLADO Y PROTECCIÓN AMBIENTAL,"RUIDOS MOLESTOS, EMANACIONES O DERRAMES",RUIDOS MOLESTOS Y VIBRACIONES,Denuncia,2021-08-27,11:25:27,14,PALERMO,ZAPATA,359.0,-34.5733065935828,-58.4412593322033,GCS Web,Masculino,Cerrado,02/09/2021,00:00:00
3181,RECICLADO Y PROTECCIÓN AMBIENTAL,"RUIDOS MOLESTOS, EMANACIONES O DERRAMES",RUIDOS MOLESTOS Y VIBRACIONES,Denuncia,2021-08-27,11:19:15,14,PALERMO,ZAPATA,359.0,-34.5733065935828,-58.4412593322033,GCS Web,Masculino,Cerrado,02/09/2021,00:00:00
3182,RECICLADO Y PROTECCIÓN AMBIENTAL,"RUIDOS MOLESTOS, EMANACIONES O DERRAMES",RUIDOS MOLESTOS Y VIBRACIONES,Denuncia,2021-08-27,10:06:58,12,VILLA PUEYRREDON,ESTADO PLURINACIONAL DE BOLIVIA,5616.0,-34.5768759899671,-58.5054518525933,GCS Web,Femenino,Cerrado,27/08/2021,00:00:00
3183,CALLES Y VEREDAS,OTROS,AJUSTE DE CHAPA METÁLICA POR RUIDOS MOLESTOS EN CALLE,Solicitud,2021-08-27,21:09:29,3,SAN CRISTOBAL,INDEPENDENCIA AV.,,-34.6197179958625,-58.4077854783395,GCS Web,Femenino,Cerrado,30/08/2021,00:00:00
3184,RECICLADO Y PROTECCIÓN AMBIENTAL,"RUIDOS MOLESTOS, EMANACIONES O DERRAMES",RUIDOS MOLESTOS Y VIBRACIONES,Denuncia,2021-08-28,22:59:12,13,BELGRANO,MOLDES,2450.0,-34.5604393400192,-58.4622954243504,GCS Web,Masculino,Abierto,,
3185,RECICLADO Y PROTECCIÓN AMBIENTAL,"RUIDOS MOLESTOS, EMANACIONES O DERRAMES",RUIDOS MOLESTOS Y VIBRACIONES,Denuncia,2021-08-28,15:08:18,13,NUÑEZ,O'HIGGINS,4617.0,-34.5390802405807,-58.4700318383841,GCS Web,Femenino,Abierto,,
3186,RECICLADO Y PROTECCIÓN AMBIENTAL,"RUIDOS MOLESTOS, EMANACIONES O DERRAMES",RUIDOS MOLESTOS Y VIBRACIONES,Denuncia,2021-08-28,15:57:58,14,PALERMO,BULNES,2774.0,-34.5801176118668,-58.4057877180085,GCS Web,Masculino,Abierto,,
3187,RECICLADO Y PROTECCIÓN AMBIENTAL,"RUIDOS MOLESTOS, EMANACIONES O DERRAMES",RUIDOS MOLESTOS Y VIBRACIONES,Denuncia,2021-08-28,09:26:35,4,BOCA,ALVAR NUÑEZ,326.0,-34.644592596342,-58.3640024190984,GCS Web,Masculino,Abierto,,
3188,RECICLADO Y PROTECCIÓN AMBIENTAL,"RUIDOS MOLESTOS, EMANACIONES O DERRAMES",RUIDOS MOLESTOS Y VIBRACIONES,Denuncia,2021-08-28,00:22:46,14,PALERMO,ARCE,215.0,-34.5716688786319,-58.4295148369086,App BA 147,Femenino,Abierto,,
3189,RECICLADO Y PROTECCIÓN AMBIENTAL,"RUIDOS MOLESTOS, EMANACIONES O DERRAMES",RUIDOS MOLESTOS Y VIBRACIONES,Denuncia,2021-08-28,20:42:46,14,PALERMO,BONPLAND,1376.0,-34.5862307662951,-58.4407735370354,App BA 147,Masculino,Abierto,,
3190,RECICLADO Y PROTECCIÓN AMBIENTAL,"RUIDOS MOLESTOS, EMANACIONES O DERRAMES",RUIDOS MOLESTOS Y VIBRACIONES,Denuncia,2021-08-28,02:41:31,11,VILLA DEVOTO,PAREJA,3742.0,-34.5968941771081,-58.509954943424,App BA 147,Femenino,Abierto,,
3191,RECICLADO Y PROTECCIÓN AMBIENTAL,"RUIDOS MOLESTOS, EMANACIONES O DERRAMES",RUIDOS MOLESTOS Y VIBRACIONES,Denuncia,2021-08-28,01:25:39,13,BELGRANO,BLANCO ENCALADA,2848.0,-34.5616664163352,-58.4632224320367,App BA 147,Femenino,Abierto,,
3192,RECICLADO Y PROTECCIÓN AMBIENTAL,"RUIDOS MOLESTOS, EMANACIONES O DERRAMES",RUIDOS MOLESTOS Y VIBRACIONES,Denuncia,2021-08-28,13:40:52,15,CHACARITA,FRAGA,1019.0,-34.5832747522983,-58.4577605275285,App BA 147,Femenino,Cerrado,30/08/2021,00:00:00
3193,RECICLADO Y PROTECCIÓN AMBIENTAL,"RUIDOS MOLESTOS, EMANACIONES O DERRAMES",RUIDOS MOLESTOS Y VIBRACIONES,Denuncia,2021-08-28,00:39:51,8,VILLA LUGANO,"GARCIA, PEDRO A.,CNEL.",5710.0,-34.6836988706438,-58.468591570364,App BA 147,Femenino,Cerrado,30/08/2021,00:00:00
3194,RECICLADO Y PROTECCIÓN AMBIENTAL,"RUIDOS MOLESTOS, EMANACIONES O DERRAMES",RUIDOS MOLESTOS Y VIBRACIONES,Denuncia,2021-08-29,20:07:15,14,PALERMO,URIARTE,1830.0,-34.5858715234047,-58.4297826622423,GCS Web,Masculino,Abierto,,
3195,RECICLADO Y PROTECCIÓN AMBIENTAL,"RUIDOS MOLESTOS, EMANACIONES O DERRAMES",MALOS OLORES / HUMOS / GASES TÓXICOS,Denuncia,2021-08-29,17:16:46,13,BELGRANO,CABILDO AV.,2287.0,-34.5602535283733,-58.4580560743259,GCS Web,Femenino,Abierto,,
3196,RECICLADO Y PROTECCIÓN AMBIENTAL,"RUIDOS MOLESTOS, EMANACIONES O DERRAMES",RUIDOS MOLESTOS Y VIBRACIONES,Denuncia,2021-08-29,16:50:25,15,CHACARITA,"RAMIREZ DE VELASCO, JUAN",1521.0,-34.5893961973729,-58.4452143152764,App BA 147,Masculino,Abierto,,
3197,RECICLADO Y PROTECCIÓN AMBIENTAL,"RUIDOS MOLESTOS, EMANACIONES O DERRAMES",RUIDOS MOLESTOS Y VIBRACIONES,Denuncia,2021-08-29,00:55:50,1,MONSERRAT,CHILE,419.0,-34.6159917794156,-58.3720666382244,App BA 147,Masculino,Abierto,,
3198,RECICLADO Y PROTECCIÓN AMBIENTAL,"RUIDOS MOLESTOS, EMANACIONES O DERRAMES",RUIDOS MOLESTOS Y VIBRACIONES,Denuncia,2021-08-29,00:49:47,11,VILLA SANTA RITA,"BELAUSTEGUI, LUIS, DR.",3146.0,-34.6181054742907,-58.4804988077445,App BA 147,Femenino,Abierto,,
3199,RECICLADO Y PROTECCIÓN AMBIENTAL,"RUIDOS MOLESTOS, EMANACIONES O DERRAMES",RUIDOS MOLESTOS Y VIBRACIONES,Denuncia,2021-08-29,21:42:12,15,CHACARITA,"RAMIREZ DE VELASCO, JUAN",1416.0,-34.5902595594924,-58.4444827616561,App BA 147,Masculino,Abierto,,
3200,RECICLADO Y PROTECCIÓN AMBIENTAL,"RUIDOS MOLESTOS, EMANACIONES O DERRAMES",RUIDOS MOLESTOS Y VIBRACIONES,Denuncia,2021-08-29,19:59:49,14,PALERMO,GODOY CRUZ,1769.0,-34.587111107066,-58.4332369050772,App BA 147,Femenino,Abierto,,
3201,CALLES Y VEREDAS,OTROS,AJUSTE DE CHAPA METÁLICA POR RUIDOS MOLESTOS EN CALLE,Solicitud,2021-08-29,15:43:36,1,RETIRO,PARAGUAY,658.0,-34.5975870817636,-58.3764026789461,App BA 147,Femenino,Abierto,,
3202,RECICLADO Y PROTECCIÓN AMBIENTAL,"RUIDOS MOLESTOS, EMANACIONES O DERRAMES",MALOS OLORES / HUMOS / GASES TÓXICOS,Denuncia,2021-08-29,15:05:14,5,ALMAGRO,QUERANDIES,4350.0,-34.6114954284923,-58.4280733486361,GCS Web,Femenino,Cerrado,30/08/2021,00:00:00
3203,RECICLADO Y PROTECCIÓN AMBIENTAL,"RUIDOS MOLESTOS, EMANACIONES O DERRAMES",RUIDOS MOLESTOS Y VIBRACIONES,Denuncia,2021-08-29,02:12:24,14,PALERMO,GUATEMALA,4760.0,-34.5859193301927,-58.425071639712,App BA 147,Femenino,Cerrado,30/08/2021,00:00:00
3204,RECICLADO Y PROTECCIÓN AMBIENTAL,"RUIDOS MOLESTOS, EMANACIONES O DERRAMES",RUIDOS MOLESTOS Y VIBRACIONES,Denuncia,2021-08-29,23:45:59,8,VILLA LUGANO,"GARCIA, PEDRO A.,CNEL.",5682.0,-34.6836116572739,-58.4686774948365,App BA 147,Femenino,Cerrado,30/08/2021,00:00:00
3205,RECICLADO Y PROTECCIÓN AMBIENTAL,"RUIDOS MOLESTOS, EMANACIONES O DERRAMES",RUIDOS MOLESTOS Y VIBRACIONES,Denuncia,2021-08-29,01:25:15,3,BALVANERA,SARMIENTO,2264.0,-34.6060833110316,-58.3988443879142,GCS Web,Femenino,Cerrado,30/08/2021,00:00:00
3206,RECICLADO Y PROTECCIÓN AMBIENTAL,"RUIDOS MOLESTOS, EMANACIONES O DERRAMES",RUIDOS MOLESTOS Y VIBRACIONES,Denuncia,2021-08-29,03:59:21,11,VILLA SANTA RITA,"GONZALEZ, ELPIDIO",,-34.6114051659311,-58.4868364037831,App BA 147,Masculino,Abierto,,
3207,RECICLADO Y PROTECCIÓN AMBIENTAL,"RUIDOS MOLESTOS, EMANACIONES O DERRAMES",RUIDOS MOLESTOS Y VIBRACIONES,Denuncia,2021-08-30,11:03:32,13,NUÑEZ,CABILDO AV.,3046.0,-34.5541121028613,-58.4641392112501,GCS Web,Masculino,Abierto,,
3208,RECICLADO Y PROTECCIÓN AMBIENTAL,"RUIDOS MOLESTOS, EMANACIONES O DERRAMES",RUIDOS MOLESTOS Y VIBRACIONES,Denuncia,2021-08-30,17:12:10,2,RECOLETA,SANCHEZ DE BUSTAMANTE,1350.0,-34.5946840210361,-58.4126999319667,GCS Web,Masculino,Abierto,,
3209,RECICLADO Y PROTECCIÓN AMBIENTAL,"RUIDOS MOLESTOS, EMANACIONES O DERRAMES",RUIDOS MOLESTOS Y VIBRACIONES,Denuncia,2021-08-30,07:41:32,6,CABALLITO,HIDALGO,775.0,-34.6104518589562,-58.4409974646813,GCS Web,Masculino,Abierto,,
3210,RECICLADO Y PROTECCIÓN AMBIENTAL,"RUIDOS MOLESTOS, EMANACIONES O DERRAMES",RUIDOS MOLESTOS Y VIBRACIONES,Denuncia,2021-08-30,20:32:33,15,PARQUE CHAS,TRIUNVIRATO AV.,3716.0,-34.5818497703484,-58.4739590118767,GCS Web,Femenino,Abierto,,
3211,RECICLADO Y PROTECCIÓN AMBIENTAL,"RUIDOS MOLESTOS, EMANACIONES O DERRAMES",RUIDOS MOLESTOS Y VIBRACIONES,Denuncia,2021-08-30,11:50:27,11,VILLA GRAL. MITRE,SAN BLAS,1609.0,-34.6033717354033,-58.4649351487536,GCS Web,Masculino,Abierto,,
3212,RECICLADO Y PROTECCIÓN AMBIENTAL,"RUIDOS MOLESTOS, EMANACIONES O DERRAMES",RUIDOS MOLESTOS Y VIBRACIONES,Denuncia,2021-08-30,18:32:06,15,VILLA CRESPO,SERRANO,382.0,-34.5973815129317,-58.4439399083614,App BA 147,Masculino,Abierto,,
3213,RECICLADO Y PROTECCIÓN AMBIENTAL,"RUIDOS MOLESTOS, EMANACIONES O DERRAMES",RUIDOS MOLESTOS Y VIBRACIONES,Denuncia,2021-08-30,00:45:07,7,PARQUE CHACABUCO,DIRECTORIO AV.,724.0,-34.6286379354362,-58.4375587402874,App BA 147,Femenino,Abierto,,
3214,RECICLADO Y PROTECCIÓN AMBIENTAL,"RUIDOS MOLESTOS, EMANACIONES O DERRAMES",RUIDOS MOLESTOS Y VIBRACIONES,Denuncia,2021-08-30,10:01:23,15,VILLA CRESPO,VILLARROEL,1302.0,-34.5926495660687,-58.4451975273847,App BA 147,Masculino,Abierto,,
3215,RECICLADO Y PROTECCIÓN AMBIENTAL,CONTROL AMBIENTAL,CONSULTA TÉCNICA SOBRE TRAMITES DE INSCRIPCIÓN EN EL REGISTRO DE ACTIVIDADES CATALOGADAS COMO POTENCIALMENTE CONTAMINANTES POR RUIDOS Y VIBRACIONES (RAC),Solicitud,2021-08-30,14:35:37,15,VILLA CRESPO,"VIRASORO, VALENTIN",1775.0,-34.6015651879129,-58.4492402137296,GCS Web,Masculino,Cerrado,30/08/2021,00:00:00
3216,RECICLADO Y PROTECCIÓN AMBIENTAL,"RUIDOS MOLESTOS, EMANACIONES O DERRAMES",RUIDOS MOLESTOS Y VIBRACIONES,Denuncia,2021-08-30,11:00:14,12,VILLA URQUIZA,CULLEN,5021.0,-34.5724183668736,-58.4871267192885,App BA 147,Femenino,Cerrado,30/08/2021,00:00:00
3217,RECICLADO Y PROTECCIÓN AMBIENTAL,"RUIDOS MOLESTOS, EMANACIONES O DERRAMES",RUIDOS MOLESTOS Y VIBRACIONES,Denuncia,2021-08-30,20:46:13,15,VILLA CRESPO,ESTADO DE ISRAEL AV.,4791.0,-34.6014922790972,-58.4318281846414,App BA 147,Femenino,Cerrado,01/09/2021,00:00:00
3218,RECICLADO Y PROTECCIÓN AMBIENTAL,"RUIDOS MOLESTOS, EMANACIONES O DERRAMES",RUIDOS MOLESTOS Y VIBRACIONES,Denuncia,2021-08-30,17:43:01,8,VILLA RIACHUELO,CORRALES,6250.0,-34.6885928620092,-58.469813676087,App BA 147,Femenino,Cerrado,31/08/2021,00:00:00
3219,RECICLADO Y PROTECCIÓN AMBIENTAL,"RUIDOS MOLESTOS, EMANACIONES O DERRAMES",RUIDOS MOLESTOS Y VIBRACIONES,Denuncia,2021-08-30,13:37:35,2,RECOLETA,"CABRERA, JOSE A.",3341.0,-34.5967526273887,-58.4135154019929,GCS Web,Femenino,Cerrado,01/09/2021,00:00:00
3220,RECICLADO Y PROTECCIÓN AMBIENTAL,"RUIDOS MOLESTOS, EMANACIONES O DERRAMES",RUIDOS MOLESTOS Y VIBRACIONES,Denuncia,2021-08-31,11:39:05,2,RECOLETA,SANCHEZ DE BUSTAMANTE,1340.0,-34.5947259202076,-58.4127016198197,GCS Web,Femenino,Abierto,,
3221,RECICLADO Y PROTECCIÓN AMBIENTAL,"RUIDOS MOLESTOS, EMANACIONES O DERRAMES",RUIDOS MOLESTOS Y VIBRACIONES,Denuncia,2021-08-31,11:38:15,2,RECOLETA,SANCHEZ DE BUSTAMANTE,1340.0,-34.5947259202076,-58.4127016198197,GCS Web,Femenino,Abierto,,
3222,RECICLADO Y PROTECCIÓN AMBIENTAL,"RUIDOS MOLESTOS, EMANACIONES O DERRAMES",RUIDOS MOLESTOS Y VIBRACIONES,Denuncia,2021-08-31,16:15:44,13,BELGRANO,LA PAMPA,2802.0,-34.56698872558,-58.4579573735999,GCS Web,Femenino,Abierto,,
3223,RECICLADO Y PROTECCIÓN AMBIENTAL,"RUIDOS MOLESTOS, EMANACIONES O DERRAMES",RUIDOS MOLESTOS Y VIBRACIONES,Denuncia,2021-08-31,17:25:38,14,PALERMO,BAEZ,211.0,-34.5725103727977,-58.4302710539342,GCS Web,Femenino,Abierto,,
3224,RECICLADO Y PROTECCIÓN AMBIENTAL,"RUIDOS MOLESTOS, EMANACIONES O DERRAMES",RUIDOS MOLESTOS Y VIBRACIONES,Denuncia,2021-08-31,16:21:11,2,RECOLETA,SANTA FE AV.,3200.0,-34.5892546918785,-58.409974332374,GCS Web,Femenino,Abierto,,
3225,RECICLADO Y PROTECCIÓN AMBIENTAL,"RUIDOS MOLESTOS, EMANACIONES O DERRAMES",RUIDOS MOLESTOS Y VIBRACIONES,Denuncia,2021-08-31,08:36:59,11,VILLA DEVOTO,NOGOYA,4245.0,-34.6104100209654,-58.5046315807682,GCS Web,Masculino,Abierto,,
3226,RECICLADO Y PROTECCIÓN AMBIENTAL,"RUIDOS MOLESTOS, EMANACIONES O DERRAMES",MALOS OLORES / HUMOS / GASES TÓXICOS,Denuncia,2021-08-31,17:29:20,5,ALMAGRO,HUMAHUACA,4030.0,-34.6018609526845,-58.4212549093454,GCS Web,Femenino,Abierto,,
3227,RECICLADO Y PROTECCIÓN AMBIENTAL,"RUIDOS MOLESTOS, EMANACIONES O DERRAMES",RUIDOS MOLESTOS Y VIBRACIONES,Denuncia,2021-08-31,08:40:40,13,COLEGIALES,"GARCIA, TEODORO",2885.0,-34.5738785045965,-58.4487594629337,App BA 147,Femenino,Abierto,,
3228,RECICLADO Y PROTECCIÓN AMBIENTAL,"RUIDOS MOLESTOS, EMANACIONES O DERRAMES",RUIDOS MOLESTOS Y VIBRACIONES,Denuncia,2021-08-31,02:45:36,3,BALVANERA,MATHEU,240.0,-34.6126298317318,-58.4002343548205,App BA 147,Femenino,Abierto,,
3229,RECICLADO Y PROTECCIÓN AMBIENTAL,"RUIDOS MOLESTOS, EMANACIONES O DERRAMES",RUIDOS MOLESTOS Y VIBRACIONES,Denuncia,2021-08-31,13:51:05,13,BELGRANO,MENDOZA,2281.0,-34.5602771179516,-58.4562095221924,App BA 147,Masculino,Abierto,,
3230,RECICLADO Y PROTECCIÓN AMBIENTAL,"RUIDOS MOLESTOS, EMANACIONES O DERRAMES",RUIDOS MOLESTOS Y VIBRACIONES,Denuncia,2021-08-31,23:38:01,1,MONSERRAT,CHILE,419.0,-34.6159917794156,-58.3720666382244,App BA 147,Masculino,Abierto,,
3231,RECICLADO Y PROTECCIÓN AMBIENTAL,"RUIDOS MOLESTOS, EMANACIONES O DERRAMES",RUIDOS MOLESTOS Y VIBRACIONES,Denuncia,2021-08-31,16:12:31,6,CABALLITO,RAMOS MEJIA,1047.0,-34.6034797551039,-58.4335969696592,App BA 147,Masculino,Abierto,,
3232,CALLES Y VEREDAS,OTROS,AJUSTE DE CHAPA METÁLICA POR RUIDOS MOLESTOS EN CALLE,Solicitud,2021-08-31,13:06:30,12,VILLA URQUIZA,TRIUNVIRATO AV.,4452.0,-34.5761176022829,-58.483656561947,GCS Web,Femenino,Abierto,,
3233,RECICLADO Y PROTECCIÓN AMBIENTAL,CONTROL AMBIENTAL,CONSULTA TÉCNICA SOBRE TRAMITES DE INSCRIPCIÓN EN EL REGISTRO DE ACTIVIDADES CATALOGADAS COMO POTENCIALMENTE CONTAMINANTES POR RUIDOS Y VIBRACIONES (RAC),Solicitud,2021-08-31,16:17:08,13,COLEGIALES,CABILDO AV.,592.0,-34.5710743520887,-58.4428990759209,GCS Web,Masculino,Cerrado,02/09/2021,00:00:00
3234,RECICLADO Y PROTECCIÓN AMBIENTAL,"RUIDOS MOLESTOS, EMANACIONES O DERRAMES",DERRAME DE LÍQUIDOS PELIGROSOS / INDUSTRIALES,Denuncia,2021-08-31,07:23:29,11,VILLA GRAL. MITRE,CAMARONES,1531.0,-34.6039539727213,-58.4631552367948,Operador GCBA,Masculino,Cerrado,31/08/2021,00:00:00
3235,RECICLADO Y PROTECCIÓN AMBIENTAL,"RUIDOS MOLESTOS, EMANACIONES O DERRAMES",MALOS OLORES / HUMOS / GASES TÓXICOS,Denuncia,2021-08-31,16:32:28,11,VILLA GRAL. MITRE,"OROÑO, NICASIO",1859.0,-34.6050708748666,-58.4608487366056,App BA 147,Femenino,Cerrado,01/09/2021,00:00:00
3236,RECICLADO Y PROTECCIÓN AMBIENTAL,"RUIDOS MOLESTOS, EMANACIONES O DERRAMES",RUIDOS MOLESTOS Y VIBRACIONES,Denuncia,2021-08-31,21:15:22,6,CABALLITO,GUAYAQUIL,343.0,-34.6200844182483,-58.4335373090843,App BA 147,Femenino,Cerrado,01/09/2021,00:00:00
3237,RECICLADO Y PROTECCIÓN AMBIENTAL,"RUIDOS MOLESTOS, EMANACIONES O DERRAMES",RUIDOS MOLESTOS Y VIBRACIONES,Denuncia,2021-08-31,23:35:40,4,PARQUE PATRICIOS,"PAZ, JOSE C.",3309.0,-34.6448111149893,-58.4085352460758,App BA 147,Masculino,Cerrado,01/09/2021,00:00:00
3238,RECICLADO Y PROTECCIÓN AMBIENTAL,"RUIDOS MOLESTOS, EMANACIONES O DERRAMES",RUIDOS MOLESTOS Y VIBRACIONES,Denuncia,2021-08-31,13:08:20,13,NUÑEZ,AMENABAR,3333.0,-34.5524713649991,-58.4682611492655,GCS Web,Masculino,Cerrado,31/08/2021,00:00:00
3239,RECICLADO Y PROTECCIÓN AMBIENTAL,"RUIDOS MOLESTOS, EMANACIONES O DERRAMES",RUIDOS MOLESTOS Y VIBRACIONES,Denuncia,2021-08-31,23:17:12,3,BALVANERA,"YRIGOYEN, HIPOLITO",2205.0,-34.6106587403171,-58.397648886945,GCS Web,Masculino,Cerrado,01/09/2021,00:00:00
