categoria;subcategoria;prestacion;tipo_prestacion;fecha_ingreso;hora_ingreso;domicilio_comuna;domicilio_barrio;domiclio_calle;domicilio_altura;lat;lon;canal;genero;estado_del_contacto;fecha_cierre_contacto;hora_cierre_contacto
RECICLADO Y PROTECCIÓN AMBIENTAL;RUIDOS MOLESTOS, EMANACIONES O DERRAMES;RUIDOS MOLESTOS Y VIBRACIONES;DENUNCIA;15/03/2021;11:33:09;11;VILLA DEVOTO;LAMARCA, EMILIO;4215;-34.5955296166593;-58.5082275050778;GCS Web;Femenino;Cerrado;08/04/2021;10:13:06
RECICLADO Y PROTECCIÓN AMBIENTAL;RUIDOS MOLESTOS, EMANACIONES O DERRAMES;RUIDOS MOLESTOS Y VIBRACIONES;DENUNCIA;15/03/2021;16:56:42;2;RECOLETA;ALVEAR, MARCELO T. DE;1733;-34.5971785758449;-58.3923317395221;App BA 147;Masculino;Cerrado;30/03/2021;12:25:43
RECICLADO Y PROTECCIÓN AMBIENTAL;RUIDOS MOLESTOS, EMANACIONES O DERRAMES;RUIDOS MOLESTOS Y VIBRACIONES;DENUNCIA;15/03/2021;05:29:41;13;BELGRANO;BLANCO ENCALADA;1441;-34.5533672979113;-58.4493178147473;App BA 147;Femenino;Cerrado;19/03/2021;21:40:26
RECICLADO Y PROTECCIÓN AMBIENTAL;RUIDOS MOLESTOS, EMANACIONES O DERRAMES;RUIDOS MOLESTOS Y VIBRACIONES;DENUNCIA;15/03/2021;00:05:51;14;PALERMO;VEGA, NICETO, CNEL. AV.;5600;-34.5868776332753;-58.4392533854075;App BA 147;Femenino;Abierto;;
RECICLADO Y PROTECCIÓN AMBIENTAL;RUIDOS MOLESTOS, EMANACIONES O DERRAMES;RUIDOS MOLESTOS Y VIBRACIONES;DENUNCIA;15/03/2021;16:21:13;13;BELGRANO;ARCOS;1786;-34.5634037269764;-58.4512879798324;GCS Web;Masculino;Cerrado;06/04/2021;09:13:45
RECICLADO Y PROTECCIÓN AMBIENTAL;RUIDOS MOLESTOS, EMANACIONES O DERRAMES;RUIDOS MOLESTOS Y VIBRACIONES;DENUNCIA;15/03/2021;11:28:17;14;PALERMO;SCALABRINI ORTIZ, RAUL;3136;-34.5805042606283;-58.410274868673;GCS Web;Femenino;Abierto;;
RECICLADO Y PROTECCIÓN AMBIENTAL;RUIDOS MOLESTOS, EMANACIONES O DERRAMES;RUIDOS MOLESTOS Y VIBRACIONES;DENUNCIA;15/03/2021;00:05:38;14;PALERMO;FITZ ROY;1655;-34.5845538557701;-58.4366918149309;App BA 147;Femenino;Abierto;;
RECICLADO Y PROTECCIÓN AMBIENTAL;RUIDOS MOLESTOS, EMANACIONES O DERRAMES;RUIDOS MOLESTOS Y VIBRACIONES;DENUNCIA;15/03/2021;09:20:23;14;PALERMO;VEGA, NICETO, CNEL.;5117;-34.5900302778676;-58.434540286688;GCS Web;Masculino;Abierto;;
RECICLADO Y PROTECCIÓN AMBIENTAL;RUIDOS MOLESTOS, EMANACIONES O DERRAMES;RUIDOS MOLESTOS Y VIBRACIONES;DENUNCIA;15/03/2021;09:43:04;14;PALERMO;CABRERA, JOSE A.;4223;-34.5952597566809;-58.4249125723553;Comuna;Femenino;Abierto;;
RECICLADO Y PROTECCIÓN AMBIENTAL;RUIDOS MOLESTOS, EMANACIONES O DERRAMES;RUIDOS MOLESTOS Y VIBRACIONES;DENUNCIA;15/03/2021;12:07:47;9;MATADEROS;CARDENAS, CNEL. AV.;3008;-34.671523229288;-58.4991324418701;GCS Web;Femenino;Abierto;;
RECICLADO Y PROTECCIÓN AMBIENTAL;RUIDOS MOLESTOS, EMANACIONES O DERRAMES;RUIDOS MOLESTOS Y VIBRACIONES;DENUNCIA;15/03/2021;14:14:43;12;VILLA URQUIZA;TRONADOR;2834;-34.5648227997356;-58.4785242740236;GCS Web;Femenino;Cerrado;26/03/2021;12:13:12
RECICLADO Y PROTECCIÓN AMBIENTAL;RUIDOS MOLESTOS, EMANACIONES O DERRAMES;RUIDOS MOLESTOS Y VIBRACIONES;DENUNCIA;15/03/2021;21:47:30;6;CABALLITO;VALLESE, FELIPE;1621;-34.6171791014826;-58.4569545353275;GCS Web;Masculino;Abierto;;
RECICLADO Y PROTECCIÓN AMBIENTAL;RUIDOS MOLESTOS, EMANACIONES O DERRAMES;RUIDOS MOLESTOS Y VIBRACIONES;DENUNCIA;15/03/2021;11:39:11;13;NUÑEZ;IRLANDA;1750;-34.5417418970399;-58.4648500219412;GCS Web;Femenino;Cerrado;16/03/2021;13:37:49
RECICLADO Y PROTECCIÓN AMBIENTAL;RUIDOS MOLESTOS, EMANACIONES O DERRAMES;RUIDOS MOLESTOS Y VIBRACIONES;DENUNCIA;15/03/2021;12:54:26;12;VILLA URQUIZA;MILLER;2570;-34.5704735834605;-58.4815460807118;GCS Web;Masculino;Cerrado;16/03/2021;11:31:57
RECICLADO Y PROTECCIÓN AMBIENTAL;RUIDOS MOLESTOS, EMANACIONES O DERRAMES;RUIDOS MOLESTOS Y VIBRACIONES;DENUNCIA;15/03/2021;19:47:18;11;VILLA DEL PARQUE;CONDARCO;2553;-34.6051005217273;-58.483099457283;App BA 147;Femenino;Cerrado;16/03/2021;08:44:53
RECICLADO Y PROTECCIÓN AMBIENTAL;RUIDOS MOLESTOS, EMANACIONES O DERRAMES;RUIDOS MOLESTOS Y VIBRACIONES;DENUNCIA;15/03/2021;08:55:58;9;MATADEROS;ANDALGALA;2130;-34.6608177228967;-58.5085001308935;GCS Web;Masculino;Abierto;;
RECICLADO Y PROTECCIÓN AMBIENTAL;RUIDOS MOLESTOS, EMANACIONES O DERRAMES;RUIDOS MOLESTOS Y VIBRACIONES;DENUNCIA;15/03/2021;20:02:07;2;RECOLETA;PARAGUAY;2566;-34.5973740107656;-58.4045764832782;App BA 147;Femenino;Cerrado;16/03/2021;08:52:17
RECICLADO Y PROTECCIÓN AMBIENTAL;RUIDOS MOLESTOS, EMANACIONES O DERRAMES;RUIDOS MOLESTOS Y VIBRACIONES;DENUNCIA;16/03/2021;11:07:22;11;VILLA DEL PARQUE;SAN MARTIN AV.;5184;-34.597263606421;-58.4914982649309;GCS Web;Femenino;Cerrado;16/03/2021;13:58:41
RECICLADO Y PROTECCIÓN AMBIENTAL;RUIDOS MOLESTOS, EMANACIONES O DERRAMES;RUIDOS MOLESTOS Y VIBRACIONES;DENUNCIA;16/03/2021;18:53:13;14;PALERMO;GODOY CRUZ;1843;-34.5865672767173;-58.4323753150052;GCS Web;Femenino;Cerrado;08/04/2021;14:56:44
RECICLADO Y PROTECCIÓN AMBIENTAL;RUIDOS MOLESTOS, EMANACIONES O DERRAMES;RUIDOS MOLESTOS Y VIBRACIONES;DENUNCIA;16/03/2021;13:19:22;6;CABALLITO;ROJAS;858;-34.6111631185387;-58.4456182569283;Mail 147;Femenino;Cerrado;17/03/2021;11:40:49
RECICLADO Y PROTECCIÓN AMBIENTAL;RUIDOS MOLESTOS, EMANACIONES O DERRAMES;RUIDOS MOLESTOS Y VIBRACIONES;DENUNCIA;16/03/2021;02:33:48;13;NUÑEZ;PEDRAZA, MANUELA;1633;-34.5476804952953;-58.4593238060573;App BA 147;Masculino;Cerrado;16/03/2021;11:55:49
RECICLADO Y PROTECCIÓN AMBIENTAL;RUIDOS MOLESTOS, EMANACIONES O DERRAMES;RUIDOS MOLESTOS Y VIBRACIONES;DENUNCIA;16/03/2021;06:42:31;7;FLORES;YERBAL;2569;-34.6281988494037;-58.4655357117009;App BA 147;Femenino;Cerrado;30/03/2021;11:03:18
RECICLADO Y PROTECCIÓN AMBIENTAL;RUIDOS MOLESTOS, EMANACIONES O DERRAMES;RUIDOS MOLESTOS Y VIBRACIONES;DENUNCIA;16/03/2021;18:11:48;15;VILLA CRESPO;PRINGLES;1249;-34.5973230311942;-58.4263033429703;GCS Web;Masculino;Abierto;;
RECICLADO Y PROTECCIÓN AMBIENTAL;RUIDOS MOLESTOS, EMANACIONES O DERRAMES;RUIDOS MOLESTOS Y VIBRACIONES;DENUNCIA;16/03/2021;15:54:12;13;COLEGIALES;MARTINEZ, ENRIQUE, GRAL.;1411;-34.5752665848933;-58.4604831363665;GCS Web;Femenino;Abierto;;
RECICLADO Y PROTECCIÓN AMBIENTAL;RUIDOS MOLESTOS, EMANACIONES O DERRAMES;RUIDOS MOLESTOS Y VIBRACIONES;DENUNCIA;16/03/2021;12:11:10;10;VILLA LURO;DUPUY;100;-34.6379798057178;-58.5089747012516;GCS Web;Masculino;Cerrado;16/03/2021;14:32:24
RECICLADO Y PROTECCIÓN AMBIENTAL;RUIDOS MOLESTOS, EMANACIONES O DERRAMES;RUIDOS MOLESTOS Y VIBRACIONES;DENUNCIA;16/03/2021;12:08:42;10;VILLA LURO;DUPUY;100;-34.6379798057178;-58.5089747012516;GCS Web;Masculino;Cerrado;16/03/2021;14:33:42
RECICLADO Y PROTECCIÓN AMBIENTAL;RUIDOS MOLESTOS, EMANACIONES O DERRAMES;RUIDOS MOLESTOS Y VIBRACIONES;DENUNCIA;16/03/2021;09:48:51;1;RETIRO;SAN MARTIN;941;-34.596882526653;-58.3742586085856;Operador GCBA;Femenino;Abierto;;
RECICLADO Y PROTECCIÓN AMBIENTAL;RUIDOS MOLESTOS, EMANACIONES O DERRAMES;RUIDOS MOLESTOS Y VIBRACIONES;DENUNCIA;16/03/2021;08:48:32;13;NUÑEZ;QUESADA;2230;-34.553527125379;-58.4615985612779;GCS Web;Femenino;Cerrado;17/03/2021;12:01:33
RECICLADO Y PROTECCIÓN AMBIENTAL;RUIDOS MOLESTOS, EMANACIONES O DERRAMES;RUIDOS MOLESTOS Y VIBRACIONES;DENUNCIA;16/03/2021;15:32:25;12;SAAVEDRA;CIUDAD DE LA PAZ;3711;-34.5483771375118;-58.4700496063853;GCS Web;Femenino;Cerrado;17/03/2021;15:43:20
RECICLADO Y PROTECCIÓN AMBIENTAL;RUIDOS MOLESTOS, EMANACIONES O DERRAMES;RUIDOS MOLESTOS Y VIBRACIONES;DENUNCIA;16/03/2021;21:39:53;15;CHACARITA;NEWBERY, JORGE AV.;;-34.5901369287243;-58.4523135623964;App BA 147;Femenino;Cerrado;17/03/2021;15:39:22
RECICLADO Y PROTECCIÓN AMBIENTAL;RUIDOS MOLESTOS, EMANACIONES O DERRAMES;RUIDOS MOLESTOS Y VIBRACIONES;DENUNCIA;16/03/2021;22:04:36;7;FLORES;LAUTARO;64;-34.6279840225566;-58.4573466734473;GCS Web;Femenino;Abierto;;
RECICLADO Y PROTECCIÓN AMBIENTAL;RUIDOS MOLESTOS, EMANACIONES O DERRAMES;RUIDOS MOLESTOS Y VIBRACIONES;DENUNCIA;16/03/2021;18:09:24;2;RECOLETA;URIBURU JOSE E., PRES.;1478;-34.591459304633;-58.3969368148417;GCS Web;Masculino;Cerrado;17/03/2021;15:45:50
RECICLADO Y PROTECCIÓN AMBIENTAL;RUIDOS MOLESTOS, EMANACIONES O DERRAMES;RUIDOS MOLESTOS Y VIBRACIONES;DENUNCIA;16/03/2021;11:57:04;1;SAN TELMO;DEFENSA;979;-34.6193347868728;-58.3715795415584;Comuna;Masculino;Cerrado;17/03/2021;11:14:02
RECICLADO Y PROTECCIÓN AMBIENTAL;RUIDOS MOLESTOS, EMANACIONES O DERRAMES;RUIDOS MOLESTOS Y VIBRACIONES;DENUNCIA;16/03/2021;21:05:37;14;PALERMO;VEGA, NICETO, CNEL.;5238;-34.5893525876801;-58.4356636349662;App BA 147;Masculino;Abierto;;
RECICLADO Y PROTECCIÓN AMBIENTAL;RUIDOS MOLESTOS, EMANACIONES O DERRAMES;RUIDOS MOLESTOS Y VIBRACIONES;DENUNCIA;16/03/2021;11:20:21;8;VILLA LUGANO;ALVAREZ, CRISOSTOMO;4754;-34.6630640703472;-58.4761710601179;App BA 147;Masculino;Cerrado;17/03/2021;14:58:42
RECICLADO Y PROTECCIÓN AMBIENTAL;RUIDOS MOLESTOS, EMANACIONES O DERRAMES;RUIDOS MOLESTOS Y VIBRACIONES;DENUNCIA;16/03/2021;18:22:15;13;NUÑEZ;AMENABAR;2972;-34.5556650254696;-58.4650481633188;App BA 147;Femenino;Abierto;;
RECICLADO Y PROTECCIÓN AMBIENTAL;RUIDOS MOLESTOS, EMANACIONES O DERRAMES;RUIDOS MOLESTOS Y VIBRACIONES;DENUNCIA;17/03/2021;11:20:48;14;PALERMO;GORRITI;5033;-34.5891258744449;-58.4315216451141;GCS Web;Masculino;Abierto;;
RECICLADO Y PROTECCIÓN AMBIENTAL;RUIDOS MOLESTOS, EMANACIONES O DERRAMES;RUIDOS MOLESTOS Y VIBRACIONES;DENUNCIA;17/03/2021;12:57:26;7;PARQUE CHACABUCO;DIAZ, AVELINO;365;-34.6349824683612;-58.4258176580937;GCS Web;Femenino;Cerrado;31/03/2021;11:38:28
RECICLADO Y PROTECCIÓN AMBIENTAL;RUIDOS MOLESTOS, EMANACIONES O DERRAMES;RUIDOS MOLESTOS Y VIBRACIONES;DENUNCIA;17/03/2021;15:16:07;14;PALERMO;FRENCH;3528;-34.5837033080375;-58.4110080262577;GCS Web;Femenino;Abierto;;
RECICLADO Y PROTECCIÓN AMBIENTAL;RUIDOS MOLESTOS, EMANACIONES O DERRAMES;RUIDOS MOLESTOS Y VIBRACIONES;DENUNCIA;17/03/2021;09:46:16;11;VILLA DEL PARQUE;SAN NICOLAS;2470;-34.6099099391206;-58.4979960982125;GCS Web;Masculino;Abierto;;
RECICLADO Y PROTECCIÓN AMBIENTAL;RUIDOS MOLESTOS, EMANACIONES O DERRAMES;RUIDOS MOLESTOS Y VIBRACIONES;DENUNCIA;17/03/2021;13:48:46;5;ALMAGRO;SARMIENTO;4157;-34.6045286983566;-58.4237461839892;App BA 147;Masculino;Abierto;;
RECICLADO Y PROTECCIÓN AMBIENTAL;RUIDOS MOLESTOS, EMANACIONES O DERRAMES;RUIDOS MOLESTOS Y VIBRACIONES;DENUNCIA;17/03/2021;10:57:45;14;PALERMO;SERRANO;1505;-34.5893008361736;-58.4309794707011;GCS Web;Masculino;Abierto;;
RECICLADO Y PROTECCIÓN AMBIENTAL;RUIDOS MOLESTOS, EMANACIONES O DERRAMES;RUIDOS MOLESTOS Y VIBRACIONES;DENUNCIA;17/03/2021;23:55:57;14;PALERMO;GURRUCHAGA;1791;-34.5882026398675;-58.4273664636405;App BA 147;Femenino;Abierto;;
RECICLADO Y PROTECCIÓN AMBIENTAL;RUIDOS MOLESTOS, EMANACIONES O DERRAMES;RUIDOS MOLESTOS Y VIBRACIONES;DENUNCIA;17/03/2021;09:25:08;12;VILLA URQUIZA;MONROE;5446;-34.57665365517;-58.4902952303781;App BA 147;Femenino;Cerrado;17/03/2021;11:28:13
RECICLADO Y PROTECCIÓN AMBIENTAL;RUIDOS MOLESTOS, EMANACIONES O DERRAMES;RUIDOS MOLESTOS Y VIBRACIONES;DENUNCIA;17/03/2021;23:54:49;14;PALERMO;VEGA, NICETO, CNEL. AV.;5699;-34.5860450897852;-58.4401693210613;App BA 147;Femenino;Abierto;;
RECICLADO Y PROTECCIÓN AMBIENTAL;RUIDOS MOLESTOS, EMANACIONES O DERRAMES;RUIDOS MOLESTOS Y VIBRACIONES;DENUNCIA;17/03/2021;17:54:25;2;RECOLETA;PUEYRREDON AV.;1565;-34.5929541863071;-58.4015752553147;GCS Web;Masculino;Abierto;;
RECICLADO Y PROTECCIÓN AMBIENTAL;RUIDOS MOLESTOS, EMANACIONES O DERRAMES;RUIDOS MOLESTOS Y VIBRACIONES;DENUNCIA;17/03/2021;16:28:26;2;RECOLETA;JAURES, JEAN;1043;-34.5976046199557;-58.4065131804423;App BA 147;Femenino;Cerrado;18/03/2021;09:19:43
RECICLADO Y PROTECCIÓN AMBIENTAL;RUIDOS MOLESTOS, EMANACIONES O DERRAMES;RUIDOS MOLESTOS Y VIBRACIONES;DENUNCIA;17/03/2021;22:37:42;12;VILLA URQUIZA;NAHUEL HUAPI;4921;-34.5701943223943;-58.4870340753967;App BA 147;Masculino;Cerrado;18/03/2021;10:36:35
RECICLADO Y PROTECCIÓN AMBIENTAL;RUIDOS MOLESTOS, EMANACIONES O DERRAMES;RUIDOS MOLESTOS Y VIBRACIONES;DENUNCIA;17/03/2021;19:23:58;13;NUÑEZ;PEDRAZA, MANUELA;1810;-34.5485164111237;-58.4607793716568;GCS Web;Masculino;Abierto;;
RECICLADO Y PROTECCIÓN AMBIENTAL;RUIDOS MOLESTOS, EMANACIONES O DERRAMES;RUIDOS MOLESTOS Y VIBRACIONES;DENUNCIA;18/03/2021;00:07:50;15;VILLA CRESPO;HUMBOLDT;659;-34.5930103673782;-58.4453181367276;App BA 147;Masculino;Cerrado;06/04/2021;09:16:36
RECICLADO Y PROTECCIÓN AMBIENTAL;RUIDOS MOLESTOS, EMANACIONES O DERRAMES;RUIDOS MOLESTOS Y VIBRACIONES;DENUNCIA;18/03/2021;19:39:20;9;MATADEROS;SUAREZ, JOSE LEON;2455;-34.6649245170508;-58.5101399945255;App BA 147;Masculino;Abierto;;
RECICLADO Y PROTECCIÓN AMBIENTAL;RUIDOS MOLESTOS, EMANACIONES O DERRAMES;RUIDOS MOLESTOS Y VIBRACIONES;DENUNCIA;18/03/2021;14:09:52;13;BELGRANO;CONESA;2031;-34.5659780042483;-58.4617426725544;App BA 147;Femenino;Cerrado;18/03/2021;23:35:58
RECICLADO Y PROTECCIÓN AMBIENTAL;RUIDOS MOLESTOS, EMANACIONES O DERRAMES;RUIDOS MOLESTOS Y VIBRACIONES;DENUNCIA;18/03/2021;00:58:39;10;VILLA LURO;BACACAY;5495;-34.6356042480568;-58.5037496744358;GCS Web;Femenino;Abierto;;
RECICLADO Y PROTECCIÓN AMBIENTAL;RUIDOS MOLESTOS, EMANACIONES O DERRAMES;RUIDOS MOLESTOS Y VIBRACIONES;DENUNCIA;18/03/2021;20:02:27;14;PALERMO;AREVALO;2032;-34.578154760159;-58.4373044713307;App BA 147;Femenino;Abierto;;
RECICLADO Y PROTECCIÓN AMBIENTAL;RUIDOS MOLESTOS, EMANACIONES O DERRAMES;RUIDOS MOLESTOS Y VIBRACIONES;DENUNCIA;18/03/2021;08:24:14;13;COLEGIALES;DELGADO;845;-34.578505803304;-58.4532859626375;GCS Web;Masculino;Abierto;;
RECICLADO Y PROTECCIÓN AMBIENTAL;RUIDOS MOLESTOS, EMANACIONES O DERRAMES;RUIDOS MOLESTOS Y VIBRACIONES;DENUNCIA;18/03/2021;10:57:12;13;BELGRANO;JURAMENTO;1650;-34.5576980116216;-58.4493208911109;GCS Web;Femenino;Cerrado;18/03/2021;11:14:39
RECICLADO Y PROTECCIÓN AMBIENTAL;RUIDOS MOLESTOS, EMANACIONES O DERRAMES;RUIDOS MOLESTOS Y VIBRACIONES;DENUNCIA;18/03/2021;18:38:38;7;FLORES;CARABOBO AV.;64;-34.6274547773847;-58.4562321110541;App BA 147;Masculino;Cerrado;06/04/2021;10:29:39
RECICLADO Y PROTECCIÓN AMBIENTAL;RUIDOS MOLESTOS, EMANACIONES O DERRAMES;RUIDOS MOLESTOS Y VIBRACIONES;DENUNCIA;18/03/2021;11:02:38;12;SAAVEDRA;JARAMILLO;4009;-34.5557062526251;-58.48349567947;GCS Web;Femenino;Cerrado;31/03/2021;12:00:50
RECICLADO Y PROTECCIÓN AMBIENTAL;RUIDOS MOLESTOS, EMANACIONES O DERRAMES;RUIDOS MOLESTOS Y VIBRACIONES;DENUNCIA;18/03/2021;17:43:48;12;VILLA URQUIZA;PACHECO;2865;-34.5695086116445;-58.4870571767031;GCS Web;Masculino;Cerrado;31/03/2021;15:28:12
RECICLADO Y PROTECCIÓN AMBIENTAL;RUIDOS MOLESTOS, EMANACIONES O DERRAMES;RUIDOS MOLESTOS Y VIBRACIONES;DENUNCIA;18/03/2021;23:17:28;13;BELGRANO;HERNANDEZ, JOSE;1385;-34.5597142344922;-58.4432118376004;App BA 147;Femenino;Abierto;;
RECICLADO Y PROTECCIÓN AMBIENTAL;RUIDOS MOLESTOS, EMANACIONES O DERRAMES;RUIDOS MOLESTOS Y VIBRACIONES;DENUNCIA;18/03/2021;17:10:52;14;PALERMO;CERVIÑO AV.;3730;-34.5794310059823;-58.4117934226072;GCS Web;Masculino;Abierto;;
RECICLADO Y PROTECCIÓN AMBIENTAL;RUIDOS MOLESTOS, EMANACIONES O DERRAMES;RUIDOS MOLESTOS Y VIBRACIONES;DENUNCIA;18/03/2021;22:00:25;1;RETIRO;MAIPU;1019;-34.5961430455969;-58.3769278038504;GCS Web;Masculino;Abierto;;
RECICLADO Y PROTECCIÓN AMBIENTAL;RUIDOS MOLESTOS, EMANACIONES O DERRAMES;RUIDOS MOLESTOS Y VIBRACIONES;DENUNCIA;18/03/2021;01:41:13;11;VILLA DEVOTO;BAIGORRIA;4683;-34.614438312771;-58.5092791522318;GCS Web;Femenino;Cerrado;18/03/2021;10:32:02
RECICLADO Y PROTECCIÓN AMBIENTAL;RUIDOS MOLESTOS, EMANACIONES O DERRAMES;RUIDOS MOLESTOS Y VIBRACIONES;DENUNCIA;18/03/2021;03:43:13;14;PALERMO;GASCON;1195;-34.5964760630517;-58.423126870574;App BA 147;Masculino;Cerrado;18/03/2021;11:13:31
RECICLADO Y PROTECCIÓN AMBIENTAL;RUIDOS MOLESTOS, EMANACIONES O DERRAMES;RUIDOS MOLESTOS Y VIBRACIONES;DENUNCIA;18/03/2021;09:28:33;14;PALERMO;MIGUELETES;868;-34.5660968084112;-58.4347952769605;App BA 147;Femenino;Cerrado;29/03/2021;12:13:22
RECICLADO Y PROTECCIÓN AMBIENTAL;RUIDOS MOLESTOS, EMANACIONES O DERRAMES;RUIDOS MOLESTOS Y VIBRACIONES;DENUNCIA;19/03/2021;16:43:54;13;BELGRANO;ECHEVERRIA;1640;-34.5586417252175;-58.4484555480717;App BA 147;Femenino;Cerrado;30/03/2021;14:57:28
RECICLADO Y PROTECCIÓN AMBIENTAL;RUIDOS MOLESTOS, EMANACIONES O DERRAMES;RUIDOS MOLESTOS Y VIBRACIONES;DENUNCIA;19/03/2021;12:13:15;14;PALERMO;SERRANO;1556;-34.5888863017289;-58.4305671346111;GCS Web;Masculino;Abierto;;
RECICLADO Y PROTECCIÓN AMBIENTAL;RUIDOS MOLESTOS, EMANACIONES O DERRAMES;RUIDOS MOLESTOS Y VIBRACIONES;DENUNCIA;19/03/2021;11:38:52;6;CABALLITO;VIEL;562;-34.6235449839206;-58.4318909607054;App BA 147;Masculino;Cerrado;31/03/2021;12:16:47
RECICLADO Y PROTECCIÓN AMBIENTAL;RUIDOS MOLESTOS, EMANACIONES O DERRAMES;RUIDOS MOLESTOS Y VIBRACIONES;DENUNCIA;19/03/2021;16:24:21;14;PALERMO;GORRITI;3956;-34.595436170929;-58.4207199675699;GCS Web;Masculino;Abierto;;
RECICLADO Y PROTECCIÓN AMBIENTAL;RUIDOS MOLESTOS, EMANACIONES O DERRAMES;RUIDOS MOLESTOS Y VIBRACIONES;DENUNCIA;19/03/2021;00:11:52;14;PALERMO;ARAOZ;1422;-34.5925285202182;-58.4257972014451;App BA 147;Femenino;Abierto;;
RECICLADO Y PROTECCIÓN AMBIENTAL;RUIDOS MOLESTOS, EMANACIONES O DERRAMES;RUIDOS MOLESTOS Y VIBRACIONES;DENUNCIA;19/03/2021;01:32:51;13;BELGRANO;BASAVILBASO, LEOPOLDO;964;-34.5482630242314;-58.4443769383499;App BA 147;Masculino;Abierto;;
RECICLADO Y PROTECCIÓN AMBIENTAL;RUIDOS MOLESTOS, EMANACIONES O DERRAMES;RUIDOS MOLESTOS Y VIBRACIONES;DENUNCIA;19/03/2021;16:13:03;14;PALERMO;GORRITI;3972;-34.5954291488101;-58.4209046206722;GCS Web;Masculino;Abierto;;
RECICLADO Y PROTECCIÓN AMBIENTAL;RUIDOS MOLESTOS, EMANACIONES O DERRAMES;RUIDOS MOLESTOS Y VIBRACIONES;DENUNCIA;19/03/2021;17:43:19;5;BOEDO;BOEDO AV.;1600;-34.6326700028304;-58.4159313486089;GCS Web;Masculino;Abierto;;
RECICLADO Y PROTECCIÓN AMBIENTAL;RUIDOS MOLESTOS, EMANACIONES O DERRAMES;RUIDOS MOLESTOS Y VIBRACIONES;DENUNCIA;19/03/2021;23:22:25;14;PALERMO;GORRITI;5033;-34.5891258744449;-58.4315216451141;App BA 147;Masculino;Abierto;;
RECICLADO Y PROTECCIÓN AMBIENTAL;RUIDOS MOLESTOS, EMANACIONES O DERRAMES;RUIDOS MOLESTOS Y VIBRACIONES;DENUNCIA;19/03/2021;08:26:47;13;BELGRANO;MIÑONES;2000;-34.5564424999978;-58.444684899597;App BA 147;Femenino;Cerrado;19/03/2021;15:10:38
RECICLADO Y PROTECCIÓN AMBIENTAL;RUIDOS MOLESTOS, EMANACIONES O DERRAMES;RUIDOS MOLESTOS Y VIBRACIONES;DENUNCIA;19/03/2021;15:38:35;14;PALERMO;COSTA RICA;5709;-34.581707369423;-58.4358155655479;GCS Web;Masculino;Abierto;;
RECICLADO Y PROTECCIÓN AMBIENTAL;RUIDOS MOLESTOS, EMANACIONES O DERRAMES;RUIDOS MOLESTOS Y VIBRACIONES;DENUNCIA;19/03/2021;23:00:55;14;PALERMO;EL SALVADOR;4834;-34.5884503049897;-58.4286534149296;App BA 147;Femenino;Abierto;;
RECICLADO Y PROTECCIÓN AMBIENTAL;RUIDOS MOLESTOS, EMANACIONES O DERRAMES;RUIDOS MOLESTOS Y VIBRACIONES;DENUNCIA;19/03/2021;23:31:12;14;PALERMO;GORRITI;5033;-34.5891258744449;-58.4315216451141;App BA 147;Femenino;Abierto;;
RECICLADO Y PROTECCIÓN AMBIENTAL;RUIDOS MOLESTOS, EMANACIONES O DERRAMES;RUIDOS MOLESTOS Y VIBRACIONES;DENUNCIA;19/03/2021;23:37:11;6;CABALLITO;BOGOTA;1619;-34.6216690582454;-58.4537621060411;GCS Web;Femenino;Abierto;;
RECICLADO Y PROTECCIÓN AMBIENTAL;RUIDOS MOLESTOS, EMANACIONES O DERRAMES;RUIDOS MOLESTOS Y VIBRACIONES;DENUNCIA;19/03/2021;22:10:28;2;RECOLETA;CORDOBA AV.;2135;-34.5996652392831;-58.3980573765496;App BA 147;Masculino;Abierto;;
RECICLADO Y PROTECCIÓN AMBIENTAL;RUIDOS MOLESTOS, EMANACIONES O DERRAMES;RUIDOS MOLESTOS Y VIBRACIONES;DENUNCIA;19/03/2021;22:37:50;15;VILLA CRESPO;MALABIA;1064;-34.5943324014269;-58.4325579693975;GCS Web;Femenino;Abierto;;
RECICLADO Y PROTECCIÓN AMBIENTAL;RUIDOS MOLESTOS, EMANACIONES O DERRAMES;RUIDOS MOLESTOS Y VIBRACIONES;DENUNCIA;19/03/2021;15:40:12;1;CONSTITUCION;PIEDRAS;837;-34.6179351498957;-58.3773803393713;Cercania;Femenino;Cerrado;22/03/2021;11:15:17
RECICLADO Y PROTECCIÓN AMBIENTAL;RUIDOS MOLESTOS, EMANACIONES O DERRAMES;RUIDOS MOLESTOS Y VIBRACIONES;DENUNCIA;20/03/2021;19:16:25;10;VILLA LURO;FALCON, RAMON L.,CNEL. AV.;5891;-34.639857996674;-58.5091547216767;GCS Web;Masculino;Cerrado;22/03/2021;11:05:42
RECICLADO Y PROTECCIÓN AMBIENTAL;RUIDOS MOLESTOS, EMANACIONES O DERRAMES;RUIDOS MOLESTOS Y VIBRACIONES;DENUNCIA;20/03/2021;04:54:21;15;VILLA CRESPO;SERRANO;695;-34.5949437218883;-58.440105481828;App BA 147;Femenino;Abierto;;
RECICLADO Y PROTECCIÓN AMBIENTAL;RUIDOS MOLESTOS, EMANACIONES O DERRAMES;RUIDOS MOLESTOS Y VIBRACIONES;DENUNCIA;20/03/2021;01:10:31;11;VILLA DEVOTO;BAZURCO;3365;-34.5844307258719;-58.5132464047107;App BA 147;Femenino;Abierto;;
RECICLADO Y PROTECCIÓN AMBIENTAL;RUIDOS MOLESTOS, EMANACIONES O DERRAMES;RUIDOS MOLESTOS Y VIBRACIONES;DENUNCIA;20/03/2021;00:43:13;15;VILLA ORTUZAR;ESTOMBA;851;-34.5834135767132;-58.4647886658063;App BA 147;Femenino;Abierto;;
RECICLADO Y PROTECCIÓN AMBIENTAL;RUIDOS MOLESTOS, EMANACIONES O DERRAMES;RUIDOS MOLESTOS Y VIBRACIONES;DENUNCIA;20/03/2021;11:23:48;5;BOEDO;PAVON AV.;3815;-34.6303341859351;-58.4180608806696;GCS Web;Masculino;Abierto;;
RECICLADO Y PROTECCIÓN AMBIENTAL;RUIDOS MOLESTOS, EMANACIONES O DERRAMES;RUIDOS MOLESTOS Y VIBRACIONES;DENUNCIA;20/03/2021;22:47:44;14;PALERMO;GORRITI;5033;-34.5891258744449;-58.4315216451141;App BA 147;Femenino;Abierto;;
RECICLADO Y PROTECCIÓN AMBIENTAL;RUIDOS MOLESTOS, EMANACIONES O DERRAMES;RUIDOS MOLESTOS Y VIBRACIONES;DENUNCIA;20/03/2021;10:33:39;7;FLORES;LAUTARO;64;-34.6279840225566;-58.4573466734473;GCS Web;Femenino;Abierto;;
RECICLADO Y PROTECCIÓN AMBIENTAL;RUIDOS MOLESTOS, EMANACIONES O DERRAMES;RUIDOS MOLESTOS Y VIBRACIONES;DENUNCIA;20/03/2021;15:08:25;5;ALMAGRO;BULNES;910;-34.6008143564747;-58.4178425823113;GCS Web;Femenino;Abierto;;
RECICLADO Y PROTECCIÓN AMBIENTAL;RUIDOS MOLESTOS, EMANACIONES O DERRAMES;RUIDOS MOLESTOS Y VIBRACIONES;DENUNCIA;20/03/2021;20:00:17;5;ALMAGRO;HUMAHUACA;4310;-34.6014647910061;-58.4256924065843;GCS Web;Femenino;Abierto;;
RECICLADO Y PROTECCIÓN AMBIENTAL;RUIDOS MOLESTOS, EMANACIONES O DERRAMES;RUIDOS MOLESTOS Y VIBRACIONES;DENUNCIA;20/03/2021;21:37:13;3;SAN CRISTOBAL;URQUIZA, GRAL.;1176;-34.6242357727114;-58.4088738826701;App BA 147;Femenino;Cerrado;22/03/2021;10:58:42
RECICLADO Y PROTECCIÓN AMBIENTAL;RUIDOS MOLESTOS, EMANACIONES O DERRAMES;RUIDOS MOLESTOS Y VIBRACIONES;DENUNCIA;21/03/2021;10:18:12;6;CABALLITO;RAMOS MEJIA;931;-34.6050169864642;-58.4328004514855;App BA 147;Masculino;Abierto;;
RECICLADO Y PROTECCIÓN AMBIENTAL;RUIDOS MOLESTOS, EMANACIONES O DERRAMES;RUIDOS MOLESTOS Y VIBRACIONES;DENUNCIA;21/03/2021;02:49:54;14;PALERMO;GORRITI;5033;-34.5891258744449;-58.4315216451141;App BA 147;Masculino;Abierto;;
RECICLADO Y PROTECCIÓN AMBIENTAL;RUIDOS MOLESTOS, EMANACIONES O DERRAMES;RUIDOS MOLESTOS Y VIBRACIONES;DENUNCIA;21/03/2021;19:53:30;5;ALMAGRO;YATAY;777;-34.6029697614068;-58.4286081730792;App BA 147;Femenino;Abierto;;
RECICLADO Y PROTECCIÓN AMBIENTAL;RUIDOS MOLESTOS, EMANACIONES O DERRAMES;RUIDOS MOLESTOS Y VIBRACIONES;DENUNCIA;21/03/2021;00:44:35;14;PALERMO;URIARTE;1436;-34.5884686188895;-58.4337020885091;App BA 147;Masculino;Abierto;;
RECICLADO Y PROTECCIÓN AMBIENTAL;RUIDOS MOLESTOS, EMANACIONES O DERRAMES;RUIDOS MOLESTOS Y VIBRACIONES;DENUNCIA;21/03/2021;09:58:29;6;CABALLITO;MORENO, JOSE MARIA AV.;734;-34.627207904578;-58.4339267328268;GCS Web;Masculino;Abierto;;
RECICLADO Y PROTECCIÓN AMBIENTAL;RUIDOS MOLESTOS, EMANACIONES O DERRAMES;RUIDOS MOLESTOS Y VIBRACIONES;DENUNCIA;21/03/2021;08:03:26;1;RETIRO;TALCAHUANO;990;-34.5971732271816;-58.385669742333;App BA 147;Femenino;Abierto;;
RECICLADO Y PROTECCIÓN AMBIENTAL;RUIDOS MOLESTOS, EMANACIONES O DERRAMES;RUIDOS MOLESTOS Y VIBRACIONES;DENUNCIA;21/03/2021;15:08:46;14;PALERMO;GORRITI;5099;-34.5888327454306;-58.4319779618197;GCS Web;Masculino;Abierto;;
RECICLADO Y PROTECCIÓN AMBIENTAL;RUIDOS MOLESTOS, EMANACIONES O DERRAMES;RUIDOS MOLESTOS Y VIBRACIONES;DENUNCIA;21/03/2021;21:49:17;14;PALERMO;BONPLAND;1515;-34.5848290238008;-58.4389542887041;GCS Web;Femenino;Abierto;;
RECICLADO Y PROTECCIÓN AMBIENTAL;RUIDOS MOLESTOS, EMANACIONES O DERRAMES;RUIDOS MOLESTOS Y VIBRACIONES;DENUNCIA;21/03/2021;23:23:14;5;ALMAGRO;HUMAHUACA;4310;-34.6014647910061;-58.4256924065843;GCS Web;Femenino;Abierto;;
RECICLADO Y PROTECCIÓN AMBIENTAL;RUIDOS MOLESTOS, EMANACIONES O DERRAMES;RUIDOS MOLESTOS Y VIBRACIONES;DENUNCIA;21/03/2021;20:29:29;14;PALERMO;BONPLAND;1521;-34.5847401555919;-58.4388524572645;App BA 147;Femenino;Abierto;;
RECICLADO Y PROTECCIÓN AMBIENTAL;RUIDOS MOLESTOS, EMANACIONES O DERRAMES;RUIDOS MOLESTOS Y VIBRACIONES;DENUNCIA;21/03/2021;22:06:13;2;RECOLETA;AUSTRIA;2566;-34.5845993982958;-58.3994458565572;GCS Web;Femenino;Abierto;;
RECICLADO Y PROTECCIÓN AMBIENTAL;RUIDOS MOLESTOS, EMANACIONES O DERRAMES;RUIDOS MOLESTOS Y VIBRACIONES;DENUNCIA;21/03/2021;09:45:19;1;RETIRO;TALCAHUANO;990;-34.5971732271816;-58.385669742333;App BA 147;Femenino;Cerrado;05/04/2021;11:59:48
RECICLADO Y PROTECCIÓN AMBIENTAL;RUIDOS MOLESTOS, EMANACIONES O DERRAMES;RUIDOS MOLESTOS Y VIBRACIONES;DENUNCIA;21/03/2021;20:52:30;12;SAAVEDRA;VEDIA;4891;-34.5510032823166;-58.4990644215698;GCS Web;Masculino;Abierto;;
RECICLADO Y PROTECCIÓN AMBIENTAL;RUIDOS MOLESTOS, EMANACIONES O DERRAMES;RUIDOS MOLESTOS Y VIBRACIONES;DENUNCIA;21/03/2021;17:07:29;15;CHACARITA;CORDOBA AV.;6060;-34.5841299654869;-58.4459147486568;App BA 147;Femenino;Abierto;;
RECICLADO Y PROTECCIÓN AMBIENTAL;RUIDOS MOLESTOS, EMANACIONES O DERRAMES;RUIDOS MOLESTOS Y VIBRACIONES;DENUNCIA;21/03/2021;09:09:09;1;RETIRO;ALVEAR, MARCELO T. DE;1261;-34.5969037998172;-58.3850632176838;App BA 147;Masculino;Cerrado;22/03/2021;11:59:09
RECICLADO Y PROTECCIÓN AMBIENTAL;RUIDOS MOLESTOS, EMANACIONES O DERRAMES;RUIDOS MOLESTOS Y VIBRACIONES;DENUNCIA;22/03/2021;15:03:15;1;MONSERRAT;PERU;544;-34.6143597982973;-58.3745648212754;App BA 147;Femenino;Abierto;;
RECICLADO Y PROTECCIÓN AMBIENTAL;RUIDOS MOLESTOS, EMANACIONES O DERRAMES;RUIDOS MOLESTOS Y VIBRACIONES;DENUNCIA;22/03/2021;13:37:02;1;SAN NICOLAS;25 DE MAYO;611;-34.6005453036;-58.3712579108324;GCS Web;Femenino;Cerrado;07/04/2021;10:50:34
RECICLADO Y PROTECCIÓN AMBIENTAL;RUIDOS MOLESTOS, EMANACIONES O DERRAMES;RUIDOS MOLESTOS Y VIBRACIONES;DENUNCIA;22/03/2021;10:57:19;2;RECOLETA;PACHECO DE MELO, JOSE ANDRES;3056;-34.584225449916;-58.4057720764136;App BA 147;Femenino;Cerrado;22/03/2021;14:23:57
RECICLADO Y PROTECCIÓN AMBIENTAL;RUIDOS MOLESTOS, EMANACIONES O DERRAMES;RUIDOS MOLESTOS Y VIBRACIONES;DENUNCIA;22/03/2021;11:40:27;14;PALERMO;SCALABRINI ORTIZ, RAUL;3136;-34.5805042606283;-58.410274868673;GCS Web;Femenino;Abierto;;
RECICLADO Y PROTECCIÓN AMBIENTAL;RUIDOS MOLESTOS, EMANACIONES O DERRAMES;RUIDOS MOLESTOS Y VIBRACIONES;DENUNCIA;22/03/2021;13:14:08;2;RECOLETA;TAGLE;2613;-34.5835574154399;-58.3998136312981;GCS Web;Femenino;Abierto;;
RECICLADO Y PROTECCIÓN AMBIENTAL;RUIDOS MOLESTOS, EMANACIONES O DERRAMES;RUIDOS MOLESTOS Y VIBRACIONES;DENUNCIA;22/03/2021;13:24:19;2;RECOLETA;CABRERA, JOSE A.;2938;-34.5970284469158;-58.4080957391408;GCS Web;Masculino;Abierto;;
RECICLADO Y PROTECCIÓN AMBIENTAL;RUIDOS MOLESTOS, EMANACIONES O DERRAMES;RUIDOS MOLESTOS Y VIBRACIONES;DENUNCIA;22/03/2021;01:16:42;1;MONSERRAT;PERU;544;-34.6143597982973;-58.3745648212754;App BA 147;Masculino;Abierto;;
RECICLADO Y PROTECCIÓN AMBIENTAL;RUIDOS MOLESTOS, EMANACIONES O DERRAMES;RUIDOS MOLESTOS Y VIBRACIONES;DENUNCIA;22/03/2021;11:05:32;10;VILLA LURO;DUPUY;100;-34.6379798057178;-58.5089747012516;GCS Web;Masculino;Cerrado;22/03/2021;14:33:40
RECICLADO Y PROTECCIÓN AMBIENTAL;RUIDOS MOLESTOS, EMANACIONES O DERRAMES;RUIDOS MOLESTOS Y VIBRACIONES;DENUNCIA;22/03/2021;09:00:42;11;VILLA GRAL. MITRE;ALVAREZ, DONATO, TTE. GRAL. AV.;2075;-34.6034516678172;-58.4645604347636;App BA 147;Masculino;Abierto;;
RECICLADO Y PROTECCIÓN AMBIENTAL;RUIDOS MOLESTOS, EMANACIONES O DERRAMES;RUIDOS MOLESTOS Y VIBRACIONES;DENUNCIA;22/03/2021;11:01:53;15;CHACARITA;DUMONT, SANTOS;3453;-34.5827341339006;-58.4474496445457;GCS Web;Masculino;Cerrado;20/04/2021;15:18:29
RECICLADO Y PROTECCIÓN AMBIENTAL;RUIDOS MOLESTOS, EMANACIONES O DERRAMES;RUIDOS MOLESTOS Y VIBRACIONES;DENUNCIA;22/03/2021;15:00:29;11;VILLA DEVOTO;MOSCONI GENERAL AV.;3620;-34.5922450895081;-58.5118106813754;GCS Web;Masculino;Cerrado;23/03/2021;10:26:12
RECICLADO Y PROTECCIÓN AMBIENTAL;RUIDOS MOLESTOS, EMANACIONES O DERRAMES;RUIDOS MOLESTOS Y VIBRACIONES;DENUNCIA;22/03/2021;10:27:10;5;ALMAGRO;YRIGOYEN, HIPOLITO AV.;3737;-34.6143319441347;-58.4192321969146;GCS Web;Femenino;Cerrado;05/04/2021;12:16:12
RECICLADO Y PROTECCIÓN AMBIENTAL;RUIDOS MOLESTOS, EMANACIONES O DERRAMES;RUIDOS MOLESTOS Y VIBRACIONES;DENUNCIA;22/03/2021;11:31:03;6;CABALLITO;FRANKLIN;626;-34.6077838097555;-58.4406328137255;GCS Web;Masculino;Cerrado;05/04/2021;11:45:59
RECICLADO Y PROTECCIÓN AMBIENTAL;RUIDOS MOLESTOS, EMANACIONES O DERRAMES;RUIDOS MOLESTOS Y VIBRACIONES;DENUNCIA;22/03/2021;21:08:36;1;CONSTITUCION;ESTADOS UNIDOS;1658;-34.6189682754843;-58.3896637351113;App BA 147;Masculino;Cerrado;24/03/2021;00:27:15
RECICLADO Y PROTECCIÓN AMBIENTAL;RUIDOS MOLESTOS, EMANACIONES O DERRAMES;RUIDOS MOLESTOS Y VIBRACIONES;DENUNCIA;22/03/2021;22:42:55;15;VILLA CRESPO;PRINGLES;1249;-34.5973230311942;-58.4263033429703;GCS Web;Masculino;Abierto;;
RECICLADO Y PROTECCIÓN AMBIENTAL;RUIDOS MOLESTOS, EMANACIONES O DERRAMES;RUIDOS MOLESTOS Y VIBRACIONES;DENUNCIA;23/03/2021;12:52:20;1;MONSERRAT;SAENZ PEÑA, LUIS, PRES.;596;-34.6153675415177;-58.387457520619;GCS Web;Femenino;Abierto;;
RECICLADO Y PROTECCIÓN AMBIENTAL;RUIDOS MOLESTOS, EMANACIONES O DERRAMES;RUIDOS MOLESTOS Y VIBRACIONES;DENUNCIA;23/03/2021;15:16:27;3;BALVANERA;RIOBAMBA;477;-34.603556477475;-58.393908464167;App BA 147;Masculino;Cerrado;12/04/2021;11:58:25
RECICLADO Y PROTECCIÓN AMBIENTAL;RUIDOS MOLESTOS, EMANACIONES O DERRAMES;RUIDOS MOLESTOS Y VIBRACIONES;DENUNCIA;23/03/2021;23:52:14;4;BOCA;CABOTO;450;-34.6279599164768;-58.3601715919943;App BA 147;Masculino;Abierto;;
RECICLADO Y PROTECCIÓN AMBIENTAL;RUIDOS MOLESTOS, EMANACIONES O DERRAMES;RUIDOS MOLESTOS Y VIBRACIONES;DENUNCIA;23/03/2021;12:18:28;4;BARRACAS;ANCHORIS;7;-34.6341393597102;-58.3894871334873;App BA 147;Masculino;Abierto;;
RECICLADO Y PROTECCIÓN AMBIENTAL;RUIDOS MOLESTOS, EMANACIONES O DERRAMES;RUIDOS MOLESTOS Y VIBRACIONES;DENUNCIA;23/03/2021;09:53:56;1;SAN TELMO;PIEDRAS;1056;-34.6203497464494;-58.3772146652307;GCS Web;Femenino;Abierto;;
RECICLADO Y PROTECCIÓN AMBIENTAL;RUIDOS MOLESTOS, EMANACIONES O DERRAMES;RUIDOS MOLESTOS Y VIBRACIONES;DENUNCIA;23/03/2021;07:59:34;5;ALMAGRO;LAMBARE;866;-34.604831045673;-58.4305688472905;App BA 147;Femenino;Abierto;;
RECICLADO Y PROTECCIÓN AMBIENTAL;RUIDOS MOLESTOS, EMANACIONES O DERRAMES;RUIDOS MOLESTOS Y VIBRACIONES;DENUNCIA;23/03/2021;18:29:13;13;BELGRANO;CIUDAD DE LA PAZ;2246;-34.5611849483542;-58.4589582803074;GCS Web;Femenino;Cerrado;23/04/2021;11:03:01
RECICLADO Y PROTECCIÓN AMBIENTAL;RUIDOS MOLESTOS, EMANACIONES O DERRAMES;RUIDOS MOLESTOS Y VIBRACIONES;DENUNCIA;23/03/2021;16:35:17;5;ALMAGRO;DIAZ VELEZ AV.;4353;-34.6086351801267;-58.4284294923355;GCS Web;Femenino;Cerrado;06/04/2021;10:32:07
RECICLADO Y PROTECCIÓN AMBIENTAL;RUIDOS MOLESTOS, EMANACIONES O DERRAMES;RUIDOS MOLESTOS Y VIBRACIONES;DENUNCIA;23/03/2021;08:38:10;15;CHACARITA;PALPA;3773;-34.5822119817769;-58.4552149672047;GCS Web;Femenino;Cerrado;23/03/2021;10:54:29
RECICLADO Y PROTECCIÓN AMBIENTAL;RUIDOS MOLESTOS, EMANACIONES O DERRAMES;RUIDOS MOLESTOS Y VIBRACIONES;DENUNCIA;23/03/2021;15:56:41;14;PALERMO;GUATEMALA;5003;-34.5839378498617;-58.4273776712794;GCS Web;Femenino;Cerrado;08/04/2021;14:51:32
RECICLADO Y PROTECCIÓN AMBIENTAL;RUIDOS MOLESTOS, EMANACIONES O DERRAMES;RUIDOS MOLESTOS Y VIBRACIONES;DENUNCIA;23/03/2021;16:24:36;1;PUERTO MADERO;MANSO JUANA;900;-34.6082463039835;-58.3629080876906;GCS Web;Masculino;Cerrado;25/03/2021;09:09:52
RECICLADO Y PROTECCIÓN AMBIENTAL;RUIDOS MOLESTOS, EMANACIONES O DERRAMES;RUIDOS MOLESTOS Y VIBRACIONES;DENUNCIA;23/03/2021;23:51:20;2;RECOLETA;DEL LIBERTADOR AV.;900;-34.5872097571743;-58.3850379613858;GCS Web;Femenino;Abierto;;
RECICLADO Y PROTECCIÓN AMBIENTAL;RUIDOS MOLESTOS, EMANACIONES O DERRAMES;RUIDOS MOLESTOS Y VIBRACIONES;DENUNCIA;23/03/2021;00:31:48;15;VILLA CRESPO;SERRANO;695;-34.5949437218883;-58.440105481828;App BA 147;Femenino;Abierto;;
RECICLADO Y PROTECCIÓN AMBIENTAL;RUIDOS MOLESTOS, EMANACIONES O DERRAMES;RUIDOS MOLESTOS Y VIBRACIONES;DENUNCIA;23/03/2021;20:29:27;12;VILLA URQUIZA;LAVOISIER;3048;-34.5732983229538;-58.4981369747819;App BA 147;Femenino;Cerrado;30/03/2021;11:04:03
RECICLADO Y PROTECCIÓN AMBIENTAL;RUIDOS MOLESTOS, EMANACIONES O DERRAMES;RUIDOS MOLESTOS Y VIBRACIONES;DENUNCIA;23/03/2021;22:55:16;10;VILLA LURO;BASUALDO;103;-34.6394409705212;-58.5056141812033;App BA 147;Femenino;Abierto;;
RECICLADO Y PROTECCIÓN AMBIENTAL;RUIDOS MOLESTOS, EMANACIONES O DERRAMES;RUIDOS MOLESTOS Y VIBRACIONES;DENUNCIA;23/03/2021;16:40:58;2;RECOLETA;AGUERO;1468;-34.5926323462932;-58.4080703260294;GCS Web;Femenino;Abierto;;
RECICLADO Y PROTECCIÓN AMBIENTAL;RUIDOS MOLESTOS, EMANACIONES O DERRAMES;RUIDOS MOLESTOS Y VIBRACIONES;DENUNCIA;23/03/2021;11:45:19;2;RECOLETA;AGUERO;1450;-34.592805423257;-58.4082187747757;GCS Web;Femenino;Cerrado;29/03/2021;15:24:28
RECICLADO Y PROTECCIÓN AMBIENTAL;RUIDOS MOLESTOS, EMANACIONES O DERRAMES;RUIDOS MOLESTOS Y VIBRACIONES;DENUNCIA;23/03/2021;21:12:04;5;ALMAGRO;YRIGOYEN, HIPOLITO AV.;3396;-34.6130886845912;-58.4146303133133;App BA 147;Masculino;Abierto;;
RECICLADO Y PROTECCIÓN AMBIENTAL;RUIDOS MOLESTOS, EMANACIONES O DERRAMES;RUIDOS MOLESTOS Y VIBRACIONES;DENUNCIA;23/03/2021;17:42:25;14;PALERMO;ARCE;555;-34.5696711446145;-58.4329387458958;App BA 147;Masculino;Abierto;;
RECICLADO Y PROTECCIÓN AMBIENTAL;RUIDOS MOLESTOS, EMANACIONES O DERRAMES;RUIDOS MOLESTOS Y VIBRACIONES;DENUNCIA;23/03/2021;10:50:22;15;CHACARITA;PALPA;3773;-34.5822119817769;-58.4552149672047;Operador GCBA;Femenino;Cerrado;21/04/2021;15:59:56
RECICLADO Y PROTECCIÓN AMBIENTAL;RUIDOS MOLESTOS, EMANACIONES O DERRAMES;RUIDOS MOLESTOS Y VIBRACIONES;DENUNCIA;23/03/2021;17:37:23;8;VILLA RIACHUELO;DE LA TORRE, LISANDRO;5497;-34.6911556275047;-58.4642657452363;App BA 147;Masculino;Cerrado;13/04/2021;09:40:34
RECICLADO Y PROTECCIÓN AMBIENTAL;RUIDOS MOLESTOS, EMANACIONES O DERRAMES;RUIDOS MOLESTOS Y VIBRACIONES;DENUNCIA;24/03/2021;00:16:12;11;VILLA SANTA RITA;CAMPANA;1737;-34.6146192561551;-58.4859995914664;App BA 147;Femenino;Abierto;;
RECICLADO Y PROTECCIÓN AMBIENTAL;RUIDOS MOLESTOS, EMANACIONES O DERRAMES;RUIDOS MOLESTOS Y VIBRACIONES;DENUNCIA;24/03/2021;00:00:53;15;VILLA CRESPO;FIGUEROA, D. APOLINARIO, CORONEL;198;-34.6034566213556;-58.4442025502048;App BA 147;Masculino;Abierto;;
RECICLADO Y PROTECCIÓN AMBIENTAL;RUIDOS MOLESTOS, EMANACIONES O DERRAMES;RUIDOS MOLESTOS Y VIBRACIONES;DENUNCIA;24/03/2021;14:21:28;14;PALERMO;COSTA RICA;5709;-34.581707369423;-58.4358155655479;App BA 147;Masculino;Abierto;;
RECICLADO Y PROTECCIÓN AMBIENTAL;RUIDOS MOLESTOS, EMANACIONES O DERRAMES;RUIDOS MOLESTOS Y VIBRACIONES;DENUNCIA;24/03/2021;10:59:19;11;VILLA DEL PARQUE;ESTADO PLURINACIONAL DE BOLIVIA;2992;-34.5999361990857;-58.4863256032679;GCS Web;Masculino;Cerrado;25/03/2021;12:48:46
RECICLADO Y PROTECCIÓN AMBIENTAL;RUIDOS MOLESTOS, EMANACIONES O DERRAMES;RUIDOS MOLESTOS Y VIBRACIONES;DENUNCIA;24/03/2021;09:36:04;15;CHACARITA;CHARLONE;728;-34.5820041351145;-58.4539129585682;GCS Web;Masculino;Cerrado;25/03/2021;10:34:27
RECICLADO Y PROTECCIÓN AMBIENTAL;RUIDOS MOLESTOS, EMANACIONES O DERRAMES;RUIDOS MOLESTOS Y VIBRACIONES;DENUNCIA;24/03/2021;11:05:48;6;CABALLITO;ESPINOSA;460;-34.6173414518032;-58.4484020612793;App BA 147;Femenino;Cerrado;25/03/2021;10:56:11
RECICLADO Y PROTECCIÓN AMBIENTAL;RUIDOS MOLESTOS, EMANACIONES O DERRAMES;RUIDOS MOLESTOS Y VIBRACIONES;DENUNCIA;24/03/2021;10:57:40;4;PARQUE PATRICIOS;GARRO;3006;-34.6327255083785;-58.4063685607543;GCS Web;Masculino;Cerrado;26/03/2021;09:40:30
RECICLADO Y PROTECCIÓN AMBIENTAL;RUIDOS MOLESTOS, EMANACIONES O DERRAMES;RUIDOS MOLESTOS Y VIBRACIONES;DENUNCIA;24/03/2021;00:27:45;14;PALERMO;GORRITI;6012;-34.5816875677472;-58.4415983799579;GCS Web;Femenino;Abierto;;
RECICLADO Y PROTECCIÓN AMBIENTAL;RUIDOS MOLESTOS, EMANACIONES O DERRAMES;RUIDOS MOLESTOS Y VIBRACIONES;DENUNCIA;24/03/2021;10:34:11;6;CABALLITO;AMBROSETTI, JUAN B.;473;-34.6129441820734;-58.4375375501837;App BA 147;Masculino;Cerrado;25/03/2021;10:47:57
RECICLADO Y PROTECCIÓN AMBIENTAL;RUIDOS MOLESTOS, EMANACIONES O DERRAMES;RUIDOS MOLESTOS Y VIBRACIONES;DENUNCIA;24/03/2021;14:50:54;14;PALERMO;AREVALO;2396;-34.5756788665983;-58.4345879313902;GCS Web;Femenino;Cerrado;20/04/2021;15:39:29
RECICLADO Y PROTECCIÓN AMBIENTAL;RUIDOS MOLESTOS, EMANACIONES O DERRAMES;RUIDOS MOLESTOS Y VIBRACIONES;DENUNCIA;24/03/2021;12:22:40;10;MONTE CASTRO;LOPE DE VEGA AV.;2159;-34.6204337011232;-58.5165577373476;App BA 147;Femenino;Abierto;;
RECICLADO Y PROTECCIÓN AMBIENTAL;RUIDOS MOLESTOS, EMANACIONES O DERRAMES;RUIDOS MOLESTOS Y VIBRACIONES;DENUNCIA;24/03/2021;10:40:03;13;BELGRANO;DEL LIBERTADOR AV.;;-34.5595390337084;-58.4452373673281;App BA 147;Masculino;Cerrado;25/03/2021;20:29:25
RECICLADO Y PROTECCIÓN AMBIENTAL;RUIDOS MOLESTOS, EMANACIONES O DERRAMES;RUIDOS MOLESTOS Y VIBRACIONES;DENUNCIA;24/03/2021;20:25:01;10;VILLA LURO;GUARDIA NACIONAL;18;-34.6385708126965;-58.5043638000126;App BA 147;Masculino;Abierto;;
RECICLADO Y PROTECCIÓN AMBIENTAL;RUIDOS MOLESTOS, EMANACIONES O DERRAMES;RUIDOS MOLESTOS Y VIBRACIONES;DENUNCIA;24/03/2021;16:26:17;12;VILLA PUEYRREDON;COCHRANE;2405;-34.5763793653407;-58.5023911607046;GCS Web;Masculino;Cerrado;15/04/2021;15:54:11
RECICLADO Y PROTECCIÓN AMBIENTAL;RUIDOS MOLESTOS, EMANACIONES O DERRAMES;RUIDOS MOLESTOS Y VIBRACIONES;DENUNCIA;24/03/2021;22:34:11;8;VILLA SOLDATI;VARELA AV.;3347;-34.6604732641942;-58.4334300800077;GCS Web;Femenino;Abierto;;
RECICLADO Y PROTECCIÓN AMBIENTAL;RUIDOS MOLESTOS, EMANACIONES O DERRAMES;RUIDOS MOLESTOS Y VIBRACIONES;DENUNCIA;24/03/2021;13:29:47;13;BELGRANO;MONROE;2901;-34.5610483458382;-58.464683283797;GCS Web;Femenino;Cerrado;05/04/2021;12:40:22
RECICLADO Y PROTECCIÓN AMBIENTAL;RUIDOS MOLESTOS, EMANACIONES O DERRAMES;RUIDOS MOLESTOS Y VIBRACIONES;DENUNCIA;24/03/2021;17:43:18;14;PALERMO;SANTA FE AV.;5353;-34.5750902327687;-58.4346576135624;App BA 147;Femenino;Cerrado;20/04/2021;15:39:04
RECICLADO Y PROTECCIÓN AMBIENTAL;RUIDOS MOLESTOS, EMANACIONES O DERRAMES;RUIDOS MOLESTOS Y VIBRACIONES;DENUNCIA;24/03/2021;16:58:48;15;VILLA CRESPO;AGUIRRE;1137;-34.5917839191046;-58.4410796766249;App BA 147;Femenino;Cerrado;25/03/2021;10:13:08
RECICLADO Y PROTECCIÓN AMBIENTAL;RUIDOS MOLESTOS, EMANACIONES O DERRAMES;RUIDOS MOLESTOS Y VIBRACIONES;DENUNCIA;24/03/2021;21:38:24;1;MONSERRAT;MEXICO;814;-34.6151378151354;-58.3778442478216;GCS Web;Femenino;Cerrado;25/03/2021;10:15:34
RECICLADO Y PROTECCIÓN AMBIENTAL;RUIDOS MOLESTOS, EMANACIONES O DERRAMES;RUIDOS MOLESTOS Y VIBRACIONES;DENUNCIA;24/03/2021;07:43:10;14;PALERMO;SOLDADO DE LA INDEPENDENCIA;1231;-34.5642775339149;-58.4398775711131;App BA 147;Femenino;Cerrado;25/03/2021;10:26:04
RECICLADO Y PROTECCIÓN AMBIENTAL;RUIDOS MOLESTOS, EMANACIONES O DERRAMES;RUIDOS MOLESTOS Y VIBRACIONES;DENUNCIA;24/03/2021;07:44:11;13;BELGRANO;MIÑONES;2000;-34.5564424999978;-58.444684899597;App BA 147;Femenino;Cerrado;25/03/2021;08:57:05
RECICLADO Y PROTECCIÓN AMBIENTAL;RUIDOS MOLESTOS, EMANACIONES O DERRAMES;RUIDOS MOLESTOS Y VIBRACIONES;DENUNCIA;25/03/2021;10:11:54;4;BOCA;ALVAR NUÑEZ;326;-34.644592596342;-58.3640024190984;App BA 147;Masculino;Abierto;;
RECICLADO Y PROTECCIÓN AMBIENTAL;RUIDOS MOLESTOS, EMANACIONES O DERRAMES;RUIDOS MOLESTOS Y VIBRACIONES;DENUNCIA;25/03/2021;00:09:44;1;SAN TELMO;CHILE;416;-34.6160542858466;-58.3719732323083;App BA 147;Masculino;Abierto;;
RECICLADO Y PROTECCIÓN AMBIENTAL;RUIDOS MOLESTOS, EMANACIONES O DERRAMES;RUIDOS MOLESTOS Y VIBRACIONES;DENUNCIA;25/03/2021;19:22:37;11;VILLA GRAL. MITRE;GAONA AV.;2615;-34.6152649939963;-58.4633744862033;GCS Web;Femenino;Abierto;;
RECICLADO Y PROTECCIÓN AMBIENTAL;RUIDOS MOLESTOS, EMANACIONES O DERRAMES;RUIDOS MOLESTOS Y VIBRACIONES;DENUNCIA;25/03/2021;13:36:08;2;RECOLETA;AUSTRIA;1998;-34.5889711011144;-58.4054353751526;GCS Web;Masculino;Abierto;;
RECICLADO Y PROTECCIÓN AMBIENTAL;RUIDOS MOLESTOS, EMANACIONES O DERRAMES;RUIDOS MOLESTOS Y VIBRACIONES;DENUNCIA;25/03/2021;15:31:29;1;SAN TELMO;ESTADOS UNIDOS;656;-34.6185741107459;-58.3751525414972;Cercania;Masculino;Abierto;;
RECICLADO Y PROTECCIÓN AMBIENTAL;RUIDOS MOLESTOS, EMANACIONES O DERRAMES;RUIDOS MOLESTOS Y VIBRACIONES;DENUNCIA;25/03/2021;09:01:03;14;PALERMO;SCALABRINI ORTIZ, RAUL AV.;1147;-34.5940250239712;-58.4294726491735;Operador GCBA;Femenino;Cerrado;26/03/2021;10:12:02
RECICLADO Y PROTECCIÓN AMBIENTAL;RUIDOS MOLESTOS, EMANACIONES O DERRAMES;RUIDOS MOLESTOS Y VIBRACIONES;DENUNCIA;25/03/2021;16:41:50;7;FLORES;LAUTARO;369;-34.6314943810981;-58.4557070747052;GCS Web;Femenino;Cerrado;26/03/2021;10:07:09
RECICLADO Y PROTECCIÓN AMBIENTAL;RUIDOS MOLESTOS, EMANACIONES O DERRAMES;RUIDOS MOLESTOS Y VIBRACIONES;DENUNCIA;26/03/2021;07:37:41;14;PALERMO;DUMONT, SANTOS;2479;-34.574216133626;-58.4393801480325;App BA 147;Masculino;Cerrado;26/03/2021;11:49:08
RECICLADO Y PROTECCIÓN AMBIENTAL;RUIDOS MOLESTOS, EMANACIONES O DERRAMES;RUIDOS MOLESTOS Y VIBRACIONES;DENUNCIA;26/03/2021;10:48:19;14;PALERMO;GORRITI;5099;-34.5888327454306;-58.4319779618197;GCS Web;Masculino;Abierto;;
RECICLADO Y PROTECCIÓN AMBIENTAL;RUIDOS MOLESTOS, EMANACIONES O DERRAMES;RUIDOS MOLESTOS Y VIBRACIONES;DENUNCIA;26/03/2021;11:38:32;15;VILLA CRESPO;JUSTO, JUAN B. AV.;2942;-34.5974675946099;-58.4480234956035;App BA 147;Femenino;Abierto;;
RECICLADO Y PROTECCIÓN AMBIENTAL;RUIDOS MOLESTOS, EMANACIONES O DERRAMES;RUIDOS MOLESTOS Y VIBRACIONES;DENUNCIA;26/03/2021;00:38:21;1;MONSERRAT;PERU;535;-34.6141915835831;-58.3746817222937;App BA 147;Masculino;Abierto;;
RECICLADO Y PROTECCIÓN AMBIENTAL;RUIDOS MOLESTOS, EMANACIONES O DERRAMES;RUIDOS MOLESTOS Y VIBRACIONES;DENUNCIA;26/03/2021;10:08:33;2;RECOLETA;URIBURU JOSE E., PRES.;1082;-34.5958614731883;-58.3986777896163;GCS Web;Femenino;Cerrado;13/04/2021;10:42:24
RECICLADO Y PROTECCIÓN AMBIENTAL;RUIDOS MOLESTOS, EMANACIONES O DERRAMES;RUIDOS MOLESTOS Y VIBRACIONES;DENUNCIA;26/03/2021;16:09:31;2;RECOLETA;JUNIN;977;-34.5976221721273;-58.3974415278906;GCS Web;Masculino;Abierto;;
RECICLADO Y PROTECCIÓN AMBIENTAL;RUIDOS MOLESTOS, EMANACIONES O DERRAMES;RUIDOS MOLESTOS Y VIBRACIONES;DENUNCIA;26/03/2021;17:32:03;15;VILLA PUEYRREDON;GAVILAN;;-34.5857606356117;-58.4902843483035;GCS Web;Femenino;Abierto;;
RECICLADO Y PROTECCIÓN AMBIENTAL;RUIDOS MOLESTOS, EMANACIONES O DERRAMES;RUIDOS MOLESTOS Y VIBRACIONES;DENUNCIA;26/03/2021;14:07:31;4;PARQUE PATRICIOS;LAVARDEN;888;-34.6462103376329;-58.4003920596513;GCS Web;Masculino;Cerrado;29/03/2021;09:17:11
RECICLADO Y PROTECCIÓN AMBIENTAL;RUIDOS MOLESTOS, EMANACIONES O DERRAMES;RUIDOS MOLESTOS Y VIBRACIONES;DENUNCIA;26/03/2021;15:42:01;13;COLEGIALES;ZABALA;2477;-34.5688587624277;-58.44986610186;GCS Web;Masculino;Cerrado;13/04/2021;12:06:47
RECICLADO Y PROTECCIÓN AMBIENTAL;RUIDOS MOLESTOS, EMANACIONES O DERRAMES;RUIDOS MOLESTOS Y VIBRACIONES;DENUNCIA;26/03/2021;16:47:30;13;COLEGIALES;PALPA;3162;-34.5765609317808;-58.451202952453;App BA 147;Femenino;Abierto;;
RECICLADO Y PROTECCIÓN AMBIENTAL;RUIDOS MOLESTOS, EMANACIONES O DERRAMES;RUIDOS MOLESTOS Y VIBRACIONES;DENUNCIA;26/03/2021;16:51:28;5;ALMAGRO;MITRE, BARTOLOME;3595;-34.6095008549204;-58.4172012426917;GCS Web;Femenino;Abierto;;
RECICLADO Y PROTECCIÓN AMBIENTAL;RUIDOS MOLESTOS, EMANACIONES O DERRAMES;RUIDOS MOLESTOS Y VIBRACIONES;DENUNCIA;26/03/2021;10:28:50;14;PALERMO;COSTA RICA;5709;-34.581707369423;-58.4358155655479;App BA 147;Masculino;Abierto;;
RECICLADO Y PROTECCIÓN AMBIENTAL;RUIDOS MOLESTOS, EMANACIONES O DERRAMES;RUIDOS MOLESTOS Y VIBRACIONES;DENUNCIA;26/03/2021;22:56:12;5;ALMAGRO;GUARDIA VIEJA;3724;-34.6013522826476;-58.4167216429186;App BA 147;Femenino;Abierto;;
RECICLADO Y PROTECCIÓN AMBIENTAL;RUIDOS MOLESTOS, EMANACIONES O DERRAMES;RUIDOS MOLESTOS Y VIBRACIONES;DENUNCIA;26/03/2021;22:26:12;2;RECOLETA;AGUERO;1450;-34.592805423257;-58.4082187747757;GCS Web;Femenino;Cerrado;09/04/2021;10:28:05
RECICLADO Y PROTECCIÓN AMBIENTAL;RUIDOS MOLESTOS, EMANACIONES O DERRAMES;RUIDOS MOLESTOS Y VIBRACIONES;DENUNCIA;26/03/2021;13:40:28;7;FLORES;MEMBRILLAR;61;-34.6290727637583;-58.4609430582334;GCS Web;Femenino;Cerrado;08/04/2021;09:12:47
RECICLADO Y PROTECCIÓN AMBIENTAL;RUIDOS MOLESTOS, EMANACIONES O DERRAMES;RUIDOS MOLESTOS Y VIBRACIONES;DENUNCIA;27/03/2021;10:50:26;14;PALERMO;COSTA RICA;5709;-34.581707369423;-58.4358155655479;App BA 147;Masculino;Abierto;;
RECICLADO Y PROTECCIÓN AMBIENTAL;RUIDOS MOLESTOS, EMANACIONES O DERRAMES;RUIDOS MOLESTOS Y VIBRACIONES;DENUNCIA;27/03/2021;00:39:59;15;VILLA CRESPO;JUSTO, JUAN B. AV.;2002;-34.5913850687464;-58.4392846782577;App BA 147;Masculino;Abierto;;
RECICLADO Y PROTECCIÓN AMBIENTAL;RUIDOS MOLESTOS, EMANACIONES O DERRAMES;RUIDOS MOLESTOS Y VIBRACIONES;DENUNCIA;27/03/2021;13:52:48;11;VILLA DEL PARQUE;TERRADA;3282;-34.5979511521364;-58.4907396630928;App BA 147;Masculino;Cerrado;29/03/2021;10:39:47
RECICLADO Y PROTECCIÓN AMBIENTAL;RUIDOS MOLESTOS, EMANACIONES O DERRAMES;RUIDOS MOLESTOS Y VIBRACIONES;DENUNCIA;27/03/2021;09:53:20;14;PALERMO;SAN MARTIN DE TOURS;2869;-34.579044822711;-58.4051135738829;App BA 147;Masculino;Cerrado;06/04/2021;00:04:53
RECICLADO Y PROTECCIÓN AMBIENTAL;RUIDOS MOLESTOS, EMANACIONES O DERRAMES;RUIDOS MOLESTOS Y VIBRACIONES;DENUNCIA;27/03/2021;14:30:01;14;PALERMO;DARWIN;1399;-34.5884813472081;-58.4372888935132;GCS Web;Masculino;Abierto;;
RECICLADO Y PROTECCIÓN AMBIENTAL;RUIDOS MOLESTOS, EMANACIONES O DERRAMES;RUIDOS MOLESTOS Y VIBRACIONES;DENUNCIA;27/03/2021;09:53:05;12;VILLA URQUIZA;DE LOS CONSTITUYENTES AV.;4135;-34.5845256462047;-58.4890257809225;GCS Web;Femenino;Abierto;;
RECICLADO Y PROTECCIÓN AMBIENTAL;RUIDOS MOLESTOS, EMANACIONES O DERRAMES;RUIDOS MOLESTOS Y VIBRACIONES;DENUNCIA;27/03/2021;21:06:10;4;BOCA;CABOTO;450;-34.6279599164768;-58.3601715919943;App BA 147;Masculino;Abierto;;
RECICLADO Y PROTECCIÓN AMBIENTAL;RUIDOS MOLESTOS, EMANACIONES O DERRAMES;RUIDOS MOLESTOS Y VIBRACIONES;DENUNCIA;27/03/2021;12:05:25;14;PALERMO;GARCIA, TEODORO;1725;-34.5632444116401;-58.4400985100475;GCS Web;Masculino;Abierto;;
RECICLADO Y PROTECCIÓN AMBIENTAL;RUIDOS MOLESTOS, EMANACIONES O DERRAMES;RUIDOS MOLESTOS Y VIBRACIONES;DENUNCIA;27/03/2021;01:35:28;14;PALERMO;HUMBOLDT;1587;-34.5858773369358;-58.4364657549146;GCS Web;Femenino;Abierto;;
RECICLADO Y PROTECCIÓN AMBIENTAL;RUIDOS MOLESTOS, EMANACIONES O DERRAMES;RUIDOS MOLESTOS Y VIBRACIONES;DENUNCIA;27/03/2021;11:32:23;15;VILLA CRESPO;HIDALGO;1644;-34.6024949448643;-58.4454069077212;GCS Web;Masculino;Cerrado;20/04/2021;15:48:26
RECICLADO Y PROTECCIÓN AMBIENTAL;RUIDOS MOLESTOS, EMANACIONES O DERRAMES;RUIDOS MOLESTOS Y VIBRACIONES;DENUNCIA;28/03/2021;01:54:17;15;VILLA CRESPO;JUSTO, JUAN B. AV.;2942;-34.5974675946099;-58.4480234956035;App BA 147;Femenino;Abierto;;
RECICLADO Y PROTECCIÓN AMBIENTAL;RUIDOS MOLESTOS, EMANACIONES O DERRAMES;RUIDOS MOLESTOS Y VIBRACIONES;DENUNCIA;28/03/2021;16:49:40;13;COLEGIALES;CORREGIDORES;1501;-34.57247905986;-58.4592955251439;App BA 147;Masculino;Abierto;;
RECICLADO Y PROTECCIÓN AMBIENTAL;RUIDOS MOLESTOS, EMANACIONES O DERRAMES;RUIDOS MOLESTOS Y VIBRACIONES;DENUNCIA;28/03/2021;13:15:28;6;CABALLITO;ARANGUREN, JUAN F., DR.;1061;-34.6168029850925;-58.4478797839469;GCS Web;Masculino;Cerrado;29/03/2021;11:49:05
RECICLADO Y PROTECCIÓN AMBIENTAL;RUIDOS MOLESTOS, EMANACIONES O DERRAMES;RUIDOS MOLESTOS Y VIBRACIONES;DENUNCIA;28/03/2021;01:32:47;14;PALERMO;BONPLAND;1533;-34.5846536489339;-58.4387533321763;App BA 147;Femenino;Abierto;;
RECICLADO Y PROTECCIÓN AMBIENTAL;RUIDOS MOLESTOS, EMANACIONES O DERRAMES;RUIDOS MOLESTOS Y VIBRACIONES;DENUNCIA;28/03/2021;00:54:35;8;VILLA SOLDATI;CAMET, FRANCISCO;4595;-34.6770433126921;-58.4539133508768;App BA 147;Masculino;Cerrado;29/03/2021;11:37:01
RECICLADO Y PROTECCIÓN AMBIENTAL;RUIDOS MOLESTOS, EMANACIONES O DERRAMES;RUIDOS MOLESTOS Y VIBRACIONES;DENUNCIA;28/03/2021;16:11:57;5;ALMAGRO;GASCON;157;-34.6105689504154;-58.4244855094481;App BA 147;Masculino;Cerrado;29/03/2021;11:59:33
RECICLADO Y PROTECCIÓN AMBIENTAL;RUIDOS MOLESTOS, EMANACIONES O DERRAMES;RUIDOS MOLESTOS Y VIBRACIONES;DENUNCIA;28/03/2021;16:30:16;4;NUEVA POMPEYA;FOURNIER;2150;-34.6411594179245;-58.4259806602099;GCS Web;Femenino;Cerrado;29/03/2021;12:51:38
RECICLADO Y PROTECCIÓN AMBIENTAL;RUIDOS MOLESTOS, EMANACIONES O DERRAMES;RUIDOS MOLESTOS Y VIBRACIONES;DENUNCIA;28/03/2021;15:23:17;2;RECOLETA;AGUERO;1450;-34.592805423257;-58.4082187747757;GCS Web;Femenino;Abierto;;
RECICLADO Y PROTECCIÓN AMBIENTAL;RUIDOS MOLESTOS, EMANACIONES O DERRAMES;RUIDOS MOLESTOS Y VIBRACIONES;DENUNCIA;29/03/2021;12:16:13;2;RECOLETA;AGUERO;1500;-34.59254547044;-58.4079917299748;GCS Web;Femenino;Abierto;;
RECICLADO Y PROTECCIÓN AMBIENTAL;RUIDOS MOLESTOS, EMANACIONES O DERRAMES;RUIDOS MOLESTOS Y VIBRACIONES;DENUNCIA;29/03/2021;15:07:36;13;BELGRANO;MIGUELETES;1705;-34.559701542284;-58.4434791762027;App BA 147;Masculino;Abierto;;
RECICLADO Y PROTECCIÓN AMBIENTAL;RUIDOS MOLESTOS, EMANACIONES O DERRAMES;RUIDOS MOLESTOS Y VIBRACIONES;DENUNCIA;29/03/2021;15:46:55;2;RECOLETA;CABRERA, JOSE A.;2927;-34.5969315267337;-58.4079322950295;GCS Web;Masculino;Abierto;;
RECICLADO Y PROTECCIÓN AMBIENTAL;RUIDOS MOLESTOS, EMANACIONES O DERRAMES;RUIDOS MOLESTOS Y VIBRACIONES;DENUNCIA;29/03/2021;08:29:01;5;ALMAGRO;SALGUERO, JERONIMO;100;-34.6098074663933;-58.419962579316;App BA 147;Femenino;Cerrado;29/03/2021;13:21:56
RECICLADO Y PROTECCIÓN AMBIENTAL;RUIDOS MOLESTOS, EMANACIONES O DERRAMES;RUIDOS MOLESTOS Y VIBRACIONES;DENUNCIA;29/03/2021;12:02:57;13;BELGRANO;MIGUELETES;1705;-34.559701542284;-58.4434791762027;App BA 147;Femenino;Abierto;;
RECICLADO Y PROTECCIÓN AMBIENTAL;RUIDOS MOLESTOS, EMANACIONES O DERRAMES;RUIDOS MOLESTOS Y VIBRACIONES;DENUNCIA;29/03/2021;14:25:06;4;BARRACAS;ANCHORIS;7;-34.6341393597102;-58.3894871334873;App BA 147;Masculino;Abierto;;
RECICLADO Y PROTECCIÓN AMBIENTAL;RUIDOS MOLESTOS, EMANACIONES O DERRAMES;RUIDOS MOLESTOS Y VIBRACIONES;DENUNCIA;29/03/2021;01:22:34;1;SAN TELMO;CHACABUCO;828;-34.6176707107799;-58.3758653680532;App BA 147;Femenino;Abierto;;
RECICLADO Y PROTECCIÓN AMBIENTAL;RUIDOS MOLESTOS, EMANACIONES O DERRAMES;RUIDOS MOLESTOS Y VIBRACIONES;DENUNCIA;29/03/2021;10:14:52;1;SAN NICOLAS;RODRIGUEZ PEÑA;580;-34.6022277501111;-58.3913223530469;GCS Web;Masculino;Cerrado;09/04/2021;10:23:20
RECICLADO Y PROTECCIÓN AMBIENTAL;RUIDOS MOLESTOS, EMANACIONES O DERRAMES;RUIDOS MOLESTOS Y VIBRACIONES;DENUNCIA;29/03/2021;01:40:12;14;PALERMO;COSTA RICA;5709;-34.581707369423;-58.4358155655479;App BA 147;Femenino;Abierto;;
RECICLADO Y PROTECCIÓN AMBIENTAL;RUIDOS MOLESTOS, EMANACIONES O DERRAMES;RUIDOS MOLESTOS Y VIBRACIONES;DENUNCIA;29/03/2021;11:48:49;7;FLORES;GAVILAN;651;-34.6218294153652;-58.4629329839625;GCS Web;Femenino;Cerrado;29/03/2021;15:00:50
RECICLADO Y PROTECCIÓN AMBIENTAL;RUIDOS MOLESTOS, EMANACIONES O DERRAMES;RUIDOS MOLESTOS Y VIBRACIONES;DENUNCIA;29/03/2021;18:01:53;13;BELGRANO;ARCOS;2084;-34.5606164477718;-58.4536933681358;GCS Web;Femenino;Cerrado;23/04/2021;11:01:51
RECICLADO Y PROTECCIÓN AMBIENTAL;RUIDOS MOLESTOS, EMANACIONES O DERRAMES;RUIDOS MOLESTOS Y VIBRACIONES;DENUNCIA;29/03/2021;22:15:36;5;ALMAGRO;GUARDIA VIEJA;3452;-34.6023433623721;-58.4136004910026;App BA 147;Masculino;Abierto;;
RECICLADO Y PROTECCIÓN AMBIENTAL;RUIDOS MOLESTOS, EMANACIONES O DERRAMES;RUIDOS MOLESTOS Y VIBRACIONES;DENUNCIA;29/03/2021;18:35:40;9;MATADEROS;SAN PEDRO;4936;-34.6531433417813;-58.4853050601447;GCS Web;Femenino;Abierto;;
RECICLADO Y PROTECCIÓN AMBIENTAL;RUIDOS MOLESTOS, EMANACIONES O DERRAMES;RUIDOS MOLESTOS Y VIBRACIONES;DENUNCIA;29/03/2021;22:50:12;5;ALMAGRO;GUARDIA VIEJA;3470;-34.6023035700445;-58.4137440181875;App BA 147;Masculino;Abierto;;
RECICLADO Y PROTECCIÓN AMBIENTAL;RUIDOS MOLESTOS, EMANACIONES O DERRAMES;RUIDOS MOLESTOS Y VIBRACIONES;DENUNCIA;29/03/2021;19:47:14;4;BARRACAS;CALIFORNIA;1354;-34.6458499794993;-58.369146207416;GCS Web;Masculino;Cerrado;30/03/2021;09:40:38
RECICLADO Y PROTECCIÓN AMBIENTAL;RUIDOS MOLESTOS, EMANACIONES O DERRAMES;RUIDOS MOLESTOS Y VIBRACIONES;DENUNCIA;29/03/2021;22:12:16;5;ALMAGRO;GUARDIA VIEJA;3452;-34.6023433623721;-58.4136004910026;App BA 147;Masculino;Abierto;;
RECICLADO Y PROTECCIÓN AMBIENTAL;RUIDOS MOLESTOS, EMANACIONES O DERRAMES;RUIDOS MOLESTOS Y VIBRACIONES;DENUNCIA;30/03/2021;16:08:58;2;RECOLETA;CALLAO AV.;1350;-34.593059053357;-58.3930359633973;GCS Web;Masculino;Abierto;;
RECICLADO Y PROTECCIÓN AMBIENTAL;RUIDOS MOLESTOS, EMANACIONES O DERRAMES;RUIDOS MOLESTOS Y VIBRACIONES;DENUNCIA;30/03/2021;21:26:47;13;BELGRANO;BALBIN, RICARDO, DR. AV.;2515;-34.5620449611852;-58.4666022593578;GCS Web;Masculino;Abierto;;
RECICLADO Y PROTECCIÓN AMBIENTAL;RUIDOS MOLESTOS, EMANACIONES O DERRAMES;RUIDOS MOLESTOS Y VIBRACIONES;DENUNCIA;30/03/2021;11:28:46;10;FLORESTA;ENSENADA;365;-34.6371788222579;-58.4770910374188;GCS Web;Femenino;Cerrado;06/04/2021;10:05:43
RECICLADO Y PROTECCIÓN AMBIENTAL;RUIDOS MOLESTOS, EMANACIONES O DERRAMES;RUIDOS MOLESTOS Y VIBRACIONES;DENUNCIA;30/03/2021;11:31:24;1;CONSTITUCION;SAN JOSE;1774;-34.6294983018804;-58.3855702034647;App BA 147;Femenino;Cerrado;16/04/2021;09:45:53
RECICLADO Y PROTECCIÓN AMBIENTAL;RUIDOS MOLESTOS, EMANACIONES O DERRAMES;RUIDOS MOLESTOS Y VIBRACIONES;DENUNCIA;30/03/2021;22:39:42;15;VILLA CRESPO;THAMES;741;-34.593754550442;-58.4403610639072;GCS Web;Femenino;Cerrado;23/04/2021;10:48:45
RECICLADO Y PROTECCIÓN AMBIENTAL;RUIDOS MOLESTOS, EMANACIONES O DERRAMES;RUIDOS MOLESTOS Y VIBRACIONES;DENUNCIA;30/03/2021;12:52:23;6;CABALLITO;SAN MARTIN AV.;1732;-34.6059310722507;-58.4532813597848;Operador GCBA;Masculino;Abierto;;
RECICLADO Y PROTECCIÓN AMBIENTAL;RUIDOS MOLESTOS, EMANACIONES O DERRAMES;RUIDOS MOLESTOS Y VIBRACIONES;DENUNCIA;30/03/2021;12:06:56;10;VILLA LURO;DUPUY;100;-34.6379798057178;-58.5089747012516;App BA 147;Masculino;Cerrado;30/03/2021;12:39:05
RECICLADO Y PROTECCIÓN AMBIENTAL;RUIDOS MOLESTOS, EMANACIONES O DERRAMES;RUIDOS MOLESTOS Y VIBRACIONES;DENUNCIA;30/03/2021;12:32:29;6;CABALLITO;SAN MARTIN AV.;1732;-34.6059310722507;-58.4532813597848;Operador GCBA;Femenino;Abierto;;
RECICLADO Y PROTECCIÓN AMBIENTAL;RUIDOS MOLESTOS, EMANACIONES O DERRAMES;RUIDOS MOLESTOS Y VIBRACIONES;DENUNCIA;30/03/2021;13:18:07;6;CABALLITO;FRANKLIN;625;-34.607688259735;-58.4405891216323;GCS Web;Masculino;Abierto;;
RECICLADO Y PROTECCIÓN AMBIENTAL;RUIDOS MOLESTOS, EMANACIONES O DERRAMES;RUIDOS MOLESTOS Y VIBRACIONES;DENUNCIA;30/03/2021;11:45:33;14;PALERMO;SCALABRINI ORTIZ, RAUL AV.;1147;-34.5940250239712;-58.4294726491735;Operador GCBA;Femenino;Abierto;;
RECICLADO Y PROTECCIÓN AMBIENTAL;RUIDOS MOLESTOS, EMANACIONES O DERRAMES;RUIDOS MOLESTOS Y VIBRACIONES;DENUNCIA;30/03/2021;20:08:42;5;ALMAGRO;SALGUERO, JERONIMO;799;-34.6009893273698;-58.4191508367913;GCS Web;Femenino;Cerrado;31/03/2021;11:38:44
RECICLADO Y PROTECCIÓN AMBIENTAL;RUIDOS MOLESTOS, EMANACIONES O DERRAMES;RUIDOS MOLESTOS Y VIBRACIONES;DENUNCIA;30/03/2021;11:37:03;2;RECOLETA;BILLINGHURST;1380;-34.5940002090941;-58.4130525258038;App BA 147;Masculino;Abierto;;
RECICLADO Y PROTECCIÓN AMBIENTAL;RUIDOS MOLESTOS, EMANACIONES O DERRAMES;RUIDOS MOLESTOS Y VIBRACIONES;DENUNCIA;30/03/2021;09:25:01;13;COLEGIALES;ELCANO AV.;2956;-34.5703430613439;-58.4579179695263;GCS Web;Masculino;Cerrado;30/03/2021;09:51:57
RECICLADO Y PROTECCIÓN AMBIENTAL;RUIDOS MOLESTOS, EMANACIONES O DERRAMES;RUIDOS MOLESTOS Y VIBRACIONES;DENUNCIA;30/03/2021;16:29:21;3;SAN CRISTOBAL;COMBATE DE LOS POZOS;1477;-34.6259350538781;-58.392474024213;GCS Web;Femenino;Cerrado;31/03/2021;10:55:52
RECICLADO Y PROTECCIÓN AMBIENTAL;RUIDOS MOLESTOS, EMANACIONES O DERRAMES;RUIDOS MOLESTOS Y VIBRACIONES;DENUNCIA;30/03/2021;22:37:33;5;ALMAGRO;BOCAYUVA, QUINTINO;550;-34.6184288430141;-58.4224647248646;App BA 147;Masculino;Abierto;;
RECICLADO Y PROTECCIÓN AMBIENTAL;RUIDOS MOLESTOS, EMANACIONES O DERRAMES;RUIDOS MOLESTOS Y VIBRACIONES;DENUNCIA;30/03/2021;22:09:27;9;PARQUE AVELLANEDA;MONTE;4230;-34.6498212673588;-58.4751504565362;App BA 147;Femenino;Abierto;;
RECICLADO Y PROTECCIÓN AMBIENTAL;RUIDOS MOLESTOS, EMANACIONES O DERRAMES;RUIDOS MOLESTOS Y VIBRACIONES;DENUNCIA;31/03/2021;01:35:12;15;VILLA CRESPO;CORRIENTES AV.;5974;-34.5936653540432;-58.4456188467048;App BA 147;Femenino;Abierto;;
RECICLADO Y PROTECCIÓN AMBIENTAL;RUIDOS MOLESTOS, EMANACIONES O DERRAMES;RUIDOS MOLESTOS Y VIBRACIONES;DENUNCIA;31/03/2021;19:00:42;5;BOEDO;LAS CASAS;4199;-34.6361644189785;-58.4244144418617;App BA 147;Femenino;Cerrado;05/04/2021;11:11:06
RECICLADO Y PROTECCIÓN AMBIENTAL;RUIDOS MOLESTOS, EMANACIONES O DERRAMES;RUIDOS MOLESTOS Y VIBRACIONES;DENUNCIA;31/03/2021;10:19:54;11;VILLA DEVOTO;SANABRIA;3144;-34.6079431738275;-58.5092276022826;GCS Web;Femenino;Cerrado;05/04/2021;09:38:10
RECICLADO Y PROTECCIÓN AMBIENTAL;RUIDOS MOLESTOS, EMANACIONES O DERRAMES;RUIDOS MOLESTOS Y VIBRACIONES;DENUNCIA;31/03/2021;12:24:32;7;FLORES;RIVADAVIA AV.;7236;-34.6302339202228;-58.4673244744179;GCS Web;Masculino;Cerrado;06/04/2021;09:49:09
RECICLADO Y PROTECCIÓN AMBIENTAL;RUIDOS MOLESTOS, EMANACIONES O DERRAMES;RUIDOS MOLESTOS Y VIBRACIONES;DENUNCIA;31/03/2021;07:58:58;14;PALERMO;CIUDAD DE LA PAZ;306;-34.5744013692976;-58.4415870447227;App BA 147;Femenino;Cerrado;31/03/2021;10:21:14
RECICLADO Y PROTECCIÓN AMBIENTAL;RUIDOS MOLESTOS, EMANACIONES O DERRAMES;RUIDOS MOLESTOS Y VIBRACIONES;DENUNCIA;31/03/2021;17:55:58;15;AGRONOMIA;CUENCA;3838;-34.5949372299864;-58.5005604872628;GCS Web;Masculino;Abierto;;
RECICLADO Y PROTECCIÓN AMBIENTAL;RUIDOS MOLESTOS, EMANACIONES O DERRAMES;RUIDOS MOLESTOS Y VIBRACIONES;DENUNCIA;31/03/2021;20:58:51;7;FLORES;LAUTARO;64;-34.6279840225566;-58.4573466734473;GCS Web;Femenino;Abierto;;
RECICLADO Y PROTECCIÓN AMBIENTAL;RUIDOS MOLESTOS, EMANACIONES O DERRAMES;RUIDOS MOLESTOS Y VIBRACIONES;DENUNCIA;31/03/2021;23:27:14;1;MONSERRAT;PERU;544;-34.6143597982973;-58.3745648212754;App BA 147;Femenino;Abierto;;
RECICLADO Y PROTECCIÓN AMBIENTAL;RUIDOS MOLESTOS, EMANACIONES O DERRAMES;RUIDOS MOLESTOS Y VIBRACIONES;DENUNCIA;31/03/2021;12:16:12;4;PARQUE PATRICIOS;CASEROS AV.;3159;-34.637476617167;-58.4081395916469;GCS Web;Masculino;Cerrado;01/04/2021;15:04:36